timestamp,type,host
1576466446866,a,mtalk.google.com
1576466448468,a,mtalk.google.com
1576466458625,a,mtalk.google.com
1576466462583,a,mtalk.google.com
1576466466710,a,mtalk.google.com
1576466469030,a,mtalk.google.com
1576466584548,a,semanticlocation-pa.googleapis.com
1576466584722,a,footprints-pa.googleapis.com
1576466585879,a,www.googleapis.com
1576466616125,b,sessions.bugsnag.com
1576466635057,b,sessions.bugsnag.com
1576466652666,a,www.google.com
1576466652701,a,www.google.com
1576466652731,a,www.google.com
1576466652766,a,clientservices.googleapis.com
1576466652792,a,www.google.com
1576466652817,a,www.google.com
1576466653627,a,api.textnow.me
1576466661791,b,e.crashlytics.com
1576466687163,b,sessions.bugsnag.com
1576466800493,a,145.7.57.10.in-addr.arpa
1576466800518,a,124.7.57.10.in-addr.arpa
1576466865886,a,api.weather.com
1576467011080,a,www.google.com
1576467011121,a,www.google.com
1576467011155,a,www.google.com
1576467011180,a,www.google.com
1576467015287,a,www.gstatic.com
1576467015306,a,www.gstatic.com
1576467015356,a,www.gstatic.com
1576467015369,a,www.gstatic.com
1576467015445,a,www.gstatic.com
1576467018785,a,android.clients.google.com
1576467032066,a,fonts.googleapis.com
1576467032601,a,fonts.gstatic.com
1576467053351,a,lh3.googleusercontent.com
1576467053382,a,lh3.googleusercontent.com
1576467053404,a,lh3.googleusercontent.com
1576467053425,a,lh3.googleusercontent.com
1576467053438,a,lh3.googleusercontent.com
1576467132537,b,data.flurry.com
1576467161591,b,sessions.bugsnag.com
1576467192644,a,digitalassetlinks.googleapis.com
1576467198883,a,android.googleapis.com
1576467201864,a,accounts.google.com
1576467201896,a,accounts.google.com
1576467201910,a,accounts.google.com
1576467201955,a,accounts.google.com
1576467202000,a,accounts.google.com
1576467203521,a,www.googleapis.com
1576467203614,a,www.google.com
1576467203679,a,www.google.com
1576467203686,a,www.google.com
1576467203700,a,www.google.com
1576467206379,b,v8.analytics.pinsightmedia.com
1576467206472,b,data.flurry.com
1576467255576,a,semanticlocation-pa.googleapis.com
1576467256826,a,notifications-pa.googleapis.com
1576467271487,a,people-pa.googleapis.com
1576467271577,a,people-pa.googleapis.com
1576467271642,a,people-pa.googleapis.com
1576467271667,a,geller-pa.googleapis.com
1576467271750,a,people-pa.googleapis.com
1576467271762,a,people-pa.googleapis.com
1576467274002,a,www.google.com
1576467274014,a,www.google.com
1576467274092,a,www.google.com
1576467274122,a,www.google.com
1576467274158,a,www.google.com
1576467274920,a,mdh-pa.googleapis.com
1576467275041,a,mdh-pa.googleapis.com
1576467275080,a,mdh-pa.googleapis.com
1576467275163,a,mdh-pa.googleapis.com
1576467275218,a,mdh-pa.googleapis.com
1576467308050,a,history.google.com
1576467308089,a,history.google.com
1576467308105,a,history.google.com
1576467308132,a,history.google.com
1576467308173,a,history.google.com
1576467330197,a,mobilemaps-pa.googleapis.com
1576467330326,a,clients4.google.com
1576517861333,a,snaptu-mini.facebook.com
1576517861445,a,mtalk.google.com
1576517861692,a,velb-pue1gld-312177699.eu-west-1.elb.amazonaws.com
1576517864888,b,sessions.bugsnag.com
1576517881602,a,ew1.reg.bigdata.ssp.samsung.com
1576518002239,b,sessions.bugsnag.com
1576518014450,a,android.googleapis.com
1576518041039,a,bartingor.com
1576518045141,a,report.appmetrica.yandex.net
1576518045559,a,certificate.mobile.yandex.net
1576518046807,a,android.clients.google.com
1576518113189,b,config.safedk.com
1576518113580,b,graph.facebook.com
1576518114573,a,pad-v3.presage.io
1576518114619,a,firebaseremoteconfig.googleapis.com
1576518173239,b,config.safedk.com
1576518175007,a,eklampa.com
1576518178867,a,imasdk.googleapis.com
1576518178940,a,safebrowsing.googleapis.com
1576518179429,b,s0.2mdn.net
1576518179476,b,adservice.google.com
1576518180943,b,csi.gstatic.com
1576518181259,b,cdn.liftoff.io
1576518181311,b,adexp.liftoff.io
1576518181326,a,api-us.appodealx.com
1576518301206,a,fumirol.com
1576518305265,a,conversion.adtonic.net
1576518307268,a,click.trk-indexmobi.com
1576518307459,a,trk.ocgklngrpq.com
1576518308247,a,adservil.info
1576518445297,a,hurgadont.com
1576518473276,b,config.safedk.com
1576518514465,a,www.google.com
1576518520910,b,id.google.com
1576518525531,b,www.googleadservices.com
1576518525611,a,accounts.google.com
1576518531413,a,twzriflsyho
1576518531448,a,zctnudbris
1576518531479,a,aqezjyhwkdba
1576518531746,a,encrypted-tbn2.gstatic.com
1576518531803,a,encrypted-tbn0.gstatic.com
1576518534231,a,encrypted-tbn1.gstatic.com
1576518534268,a,encrypted-tbn3.gstatic.com
1576518538680,b,sessions.bugsnag.com
1576518539712,a,cdn.ampproject.org
1576518541836,b,adservice.google.com
1576518542003,a,www.gstatic.com
1576518542059,a,www.gstatic.com
1576518542112,a,www.gstatic.com
1576518542161,a,www.gstatic.com
1576518542189,a,www.gstatic.com
1576518542232,a,weather.com
1576518542292,a,weather.com
1576518542354,a,weather.com
1576518542435,a,weather.com
1576518542450,a,weather.com
1576518542600,a,zewmdyc
1576518542628,a,vgxvdeigeicghw
1576518542661,a,avrqdpwgv
1576518542874,a,clientservices.googleapis.com
1576518542909,a,clientservices.googleapis.com
1576518542949,a,clientservices.googleapis.com
1576518542987,a,clientservices.googleapis.com
1576518543023,a,clientservices.googleapis.com
1576518544783,b,adservice.google.com
1576518544906,b,adservice.google.com
1576518547994,a,update.googleapis.com
1576518548796,a,s.w-x.co
1576518548956,b,static.criteo.net
1576518548985,b,c.amazon-adsystem.com
1576518549002,b,static.criteo.net
1576518549049,a,s.w-x.co
1576518549073,b,c.amazon-adsystem.com
1576518549096,a,s.w-x.co
1576518549112,b,cdn.adsafeprotected.com
1576518549126,a,cdn.polyfill.io
1576518549223,b,cdn.adsafeprotected.com
1576518549231,a,s.w-x.co
1576518549248,b,securepubads.g.doubleclick.net
1576518549263,a,cdn.polyfill.io
1576518549278,b,securepubads.g.doubleclick.net
1576518549290,a,s.w-x.co
1576518549317,b,adservice.google.com
1576518549334,a,cdn.polyfill.io
1576518549364,b,adservice.google.com
1576518549372,a,cdn.polyfill.io
1576518549398,a,cdn.polyfill.io
1576518549938,b,bam.nr-data.net
1576518549955,b,bam.nr-data.net
1576518552681,b,sb.scorecardresearch.com
1576518552695,b,sb.scorecardresearch.com
1576518552837,a,sodc.weather.com
1576518552894,b,c2.taboola.com
1576518552905,a,sodc.weather.com
1576518552920,b,c2.taboola.com
1576518552943,a,sodc.weather.com
1576518552960,a,sodc.weather.com
1576518552992,a,sodc.weather.com
1576518556130,a,www.google.com
1576518556159,a,www.google.com
1576518556168,a,www.google.com
1576518556175,a,www.google.com
1576518556957,b,nebula-cdn.kampyle.com
1576518557006,b,nebula-cdn.kampyle.com
1576518559237,b,cdn.taboola.com
1576518559272,b,cdn.taboola.com
1576518559694,b,triggers.wfxtriggers.com
1576518559738,b,triggers.wfxtriggers.com
1576518559780,b,tags.crwdcntrl.net
1576518559882,b,js-sec.indexww.com
1576518559918,b,js-sec.indexww.com
1576518559931,b,tags.crwdcntrl.net
1576518560476,b,ad.crwdcntrl.net
1576518560504,b,ad.crwdcntrl.net
1576518560983,b,gum.criteo.com
1576518561014,b,gum.criteo.com
1576518561127,b,clarium.global.ssl.fastly.net
1576518561152,b,clarium.global.ssl.fastly.net
1576518561395,b,c.amazon-adsystem.com
1576518561415,b,c.amazon-adsystem.com
1576518561566,b,bidder.criteo.com
1576518561581,b,bidder.criteo.com
1576518561739,b,static.criteo.net
1576518561783,b,static.criteo.net
1576518561856,b,static.criteo.net
1576518562304,b,cdn3.optimizely.com
1576518562312,b,cdn3.optimizely.com
1576518562684,b,ad.doubleclick.net
1576518562706,b,ad.doubleclick.net
1576518563165,b,securepubads.g.doubleclick.net
1576518563195,b,tpc.googlesyndication.com
1576518563624,b,securepubads.g.doubleclick.net
1576518563672,b,tpc.googlesyndication.com
1576518563742,b,tpc.googlesyndication.com
1576518563929,b,securepubads.g.doubleclick.net
1576518564015,b,pixel.adsafeprotected.com
1576518564052,b,pixel.adsafeprotected.com
1576518564169,b,www.summerhamster.com
1576518564229,b,www.summerhamster.com
1576518566008,b,id.google.com
1576518566109,b,id.google.com
1576518566121,a,www.gstatic.com
1576518566197,b,id.google.com
1576518566232,a,clients1.google.com
1576518566249,a,www.gstatic.com
1576518566281,a,clients1.google.com
1576518566345,a,www.gstatic.com
1576518566401,a,clients1.google.com
1576518566412,a,www.gstatic.com
1576518566424,a,clients1.google.com
1576518566454,a,clients1.google.com
1576518568030,a,encrypted-tbn0.gstatic.com
1576518568063,a,encrypted-tbn0.gstatic.com
1576518568108,a,encrypted-tbn0.gstatic.com
1576518568117,a,encrypted-tbn0.gstatic.com
1576518568241,a,m.youtube.com
1576518568275,a,m.youtube.com
1576518568336,a,m.youtube.com
1576518568457,a,m.youtube.com
1576518568493,a,m.youtube.com
1576518569674,a,youtubei.googleapis.com
1576518569828,a,www.googleapis.com
1576518570492,a,i.ytimg.com
1576518570674,a,redirector.googlevideo.com
1576518570750,a,redirector.googlevideo.com
1576518570760,b,adservice.google.com
1576518570770,b,adservice.google.com
1576518570799,b,adservice.google.com
1576518570819,a,redirector.googlevideo.com
1576518570872,a,redirector.googlevideo.com
1576518570918,a,redirector.googlevideo.com
1576518571748,a,cdn.ampproject.org
1576518571789,a,cdn.ampproject.org
1576518571874,a,cdn.ampproject.org
1576518571889,a,cdn.ampproject.org
1576518572679,a,r2---sn-q4flrney.googlevideo.com
1576518572702,a,r2---sn-q4flrney.googlevideo.com
1576518572786,a,r1---sn-q4flrner.googlevideo.com
1576518572808,a,r2---sn-q4flrney.googlevideo.com
1576518572899,a,r5---sn-q4fl6ner.googlevideo.com
1576518573055,a,r1---sn-q4flrner.googlevideo.com
1576518573101,a,r2---sn-q4flrney.googlevideo.com
1576518573130,a,r5---sn-q4fl6ner.googlevideo.com
1576518573149,a,r2---sn-q4flrney.googlevideo.com
1576518573170,a,r1---sn-q4flrner.googlevideo.com
1576518573189,a,r5---sn-q4fl6ner.googlevideo.com
1576518573232,a,r1---sn-q4flrner.googlevideo.com
1576518573246,a,r5---sn-q4fl6ner.googlevideo.com
1576518573267,a,r1---sn-q4flrner.googlevideo.com
1576518573294,a,r5---sn-q4fl6ner.googlevideo.com
1576518574743,b,www.googleadservices.com
1576518575134,a,yt3.ggpht.com
1576518575306,a,suggestqueries.google.com
1576518576916,a,r2---sn-q4fl6nsl.googlevideo.com
1576518577160,a,r2---sn-q4fl6nsl.googlevideo.com
1576518577231,a,r2---sn-q4fl6nsl.googlevideo.com
1576518577244,a,r2---sn-q4fl6nsl.googlevideo.com
1576518577329,a,r2---sn-q4fl6nsl.googlevideo.com
1576518578159,a,r2---sn-q4flrn7y.googlevideo.com
1576518578487,a,r2---sn-q4flrn7y.googlevideo.com
1576518578527,a,r2---sn-q4flrn7y.googlevideo.com
1576518578625,a,r2---sn-q4flrn7y.googlevideo.com
1576518578662,a,r2---sn-q4flrn7y.googlevideo.com
1576518580032,a,cantomus.com
1576518582105,a,www.youtube.com
1576518582313,a,s.youtube.com
1576518605753,a,google.com
1576518606332,b,beacons4.gvt2.com
1576518650431,a,redirector.googlevideo.com
1576518650442,a,redirector.googlevideo.com
1576518650452,a,redirector.googlevideo.com
1576518650463,a,redirector.googlevideo.com
1576518666052,b,beacons4.gvt2.com
1576518666073,b,beacons4.gvt2.com
1576518666105,b,beacons4.gvt2.com
1576518666137,b,beacons.gcp.gvt2.com
1576518666153,b,beacons.gcp.gvt2.com
1576518666171,b,beacons.gcp.gvt2.com
1576518666188,b,beacons.gvt2.com
1576518666229,b,beacons.gvt2.com
1576518666239,b,beacons.gvt2.com
1576518666254,b,beacons.gvt2.com
1576518666261,b,beacons.gvt2.com
1576518666269,b,beacons.gvt2.com
1576518666280,b,beacons2.gvt2.com
1576518666287,b,beacons2.gvt2.com
1576518666296,b,beacons2.gvt2.com
1576518666305,b,beacons2.gvt2.com
1576518666321,b,beacons2.gvt2.com
1576518666330,b,beacons3.gvt2.com
1576518666366,b,beacons2.gvt2.com
1576518666373,b,beacons3.gvt2.com
1576518666383,b,beacons3.gvt2.com
1576518666393,b,beacons3.gvt2.com
1576518666403,b,beacons3.gvt2.com
1576518666415,b,beacons4.gvt2.com
1576518666423,b,beacons3.gvt2.com
1576518666431,b,beacons4.gvt2.com
1576518666439,b,beacons4.gvt2.com
1576518666447,b,beacons3.gvt2.com
1576518666458,b,beacons5.gvt2.com
1576518666616,b,beacons4.gvt2.com
1576518666622,b,beacons5.gvt2.com
1576518666629,b,beacons4.gvt2.com
1576518666635,b,beacons5.gvt2.com
1576518666641,b,beacons4.gvt2.com
1576518666647,b,beacons5.gvt3.com
1576518666657,b,beacons5.gvt2.com
1576518666664,b,beacons5.gvt3.com
1576518666671,b,beacons5.gvt2.com
1576518666678,b,beacons5.gvt3.com
1576518666684,a,clients2.google.com
1576518666703,b,beacons5.gvt3.com
1576518666709,a,clients2.google.com
1576518666759,a,clients2.google.com
1576518666984,a,clients2.google.com
1576518667008,a,clients2.google.com
1576518668481,b,sessions.bugsnag.com
1576518668707,a,www.google.com
1576518668785,a,www.google.com
1576518668806,a,www.google.com
1576518668840,a,www.google.com
1576518677554,b,graph.facebook.com
1576518707714,b,graph.facebook.com
1576518723088,a,145.7.57.10.in-addr.arpa
1576518723106,a,124.7.57.10.in-addr.arpa
1576518726086,b,beacons3.gvt2.com
1576518735876,b,beacons.gcp.gvt2.com
1576518736208,b,beacons.gvt2.com
1576518736356,b,beacons2.gvt2.com
1576518736542,b,beacons3.gvt2.com
1576518736748,b,beacons4.gvt2.com
1576518737028,b,beacons5.gvt2.com
1576518737137,b,beacons5.gvt3.com
1576518743106,b,sessions.bugsnag.com
1576518759229,a,g.s.360.cn
1576518760031,a,mqtt-mini.facebook.com
1576518761770,a,report.appmetrica.yandex.net
1576518762155,a,certificate.mobile.yandex.net
1576518776592,b,graph.facebook.com
1576518803952,b,graph.facebook.com
1576518803974,b,settings.crashlytics.com
1576518804977,b,adservice.google.com
1576518806802,a,cloudconfig.googleapis.com
1576518819798,b,graph.facebook.com
1576518820174,b,app-measurement.com
1576518843260,b,app-measurement.com
1576518872156,b,app-measurement.com
1576518891576,a,eklampa.com
1576518894578,b,app-measurement.com
1576518896891,b,graph.facebook.com
1576518904648,b,app-measurement.com
1576518904755,a,novarvtv
1576518904770,a,zkmffre
1576518904776,a,nkizkztjl
1576518931474,a,www.google.com
1576518931532,a,www.google.com
1576518931548,a,www.google.com
1576518931559,a,www.google.com
1576518941504,b,sessions.bugsnag.com
1576518975007,b,graph.facebook.com
1576519034407,b,config.safedk.com
1576519034878,b,graph.facebook.com
1576519036602,a,firebaseremoteconfig.googleapis.com
1576519038914,b,sessions.bugsnag.com
1576519057280,b,graph.facebook.com
1576519072290,b,graph.facebook.com
1576519094486,b,config.safedk.com
1576519098032,b,app-measurement.com
1576519107607,b,service.game-mode.net
1576519137021,b,graph.facebook.com
1576519155950,b,app-measurement.com
1576519394499,b,config.safedk.com
1576519458310,b,app-measurement.com
1576519459022,b,graph.facebook.com
1576519459129,a,api.leanplum.com
1576519459261,b,app.adjust.com
1576519459855,a,cloudconfig.googleapis.com
1576519466043,a,reminders-pa.googleapis.com
1576519475170,b,app-measurement.com
1576519475433,b,e.crashlytics.com
1576519498521,a,www.google.com
1576519498528,a,www.google.com
1576519498560,a,www.google.com
1576519498621,a,www.google.com
1576519499035,a,www.google.com
1576519499254,b,app-measurement.com
1576519500948,a,semanticlocation-pa.googleapis.com
1576519507070,b,graph.facebook.com
1576519509345,b,app-measurement.com
1576519519496,b,app-measurement.com
1576519551874,b,graph.facebook.com
1576519553105,b,app-measurement.com
1576519566888,b,graph.facebook.com
1576519611657,b,e.crashlytics.com
1576519612305,a,mqtt-mini.facebook.com
1576519612327,b,graph.facebook.com
1576519617093,b,graph.facebook.com
1576519625147,a,145.7.57.10.in-addr.arpa
1576519625209,a,124.7.57.10.in-addr.arpa
1576519711216,b,app-measurement.com
1576519768786,b,googleads.g.doubleclick.net
1576519770297,b,app-measurement.com
1576519779258,b,googleads.g.doubleclick.net
1576519792439,b,app-measurement.com
1576519830017,b,app-measurement.com
1576519851940,b,app-measurement.com
1576519883595,b,app-measurement.com
1576519893660,b,app-measurement.com
1576519975541,b,app-measurement.com
1576520234317,a,mtalk.google.com
1576520235114,a,config.safedk.com
1576520235964,a,api.samsungcloud.com
1576520236109,a,e.crashlytics.com
1576520243331,a,api.textnow.me
1576520243432,a,graph.facebook.com
1576520244251,a,mtalk.google.com
1576520257894,a,alt1-mtalk.google.com
1576520264091,a,assistant.google.com
1576520264293,a,assistant.google.com
1576520264917,a,assistant.google.com
1576520264927,a,assistant.google.com
1576520264938,a,assistant.google.com
1576520266434,a,safebrowsing.googleapis.com
1576520266876,a,www.gstatic.com
1576520266916,a,www.gstatic.com
1576520266947,a,www.gstatic.com
1576520266982,a,www.gstatic.com
1576520267033,a,www.gstatic.com
1576520267625,b,app-measurement.com
1576520267782,a,fonts.gstatic.com
1576520269396,a,play.google.com
1576520277662,b,app-measurement.com
1576520284550,a,www.google.com
1576520284615,a,www.google.com
1576520284665,a,www.google.com
1576520284708,a,www.google.com
1576520284777,a,www.google.com
1576520632773,a,mtalk.google.com
1576520671422,b,e.crashlytics.com
1576520679218,a,www.google.com
1576520680265,a,www.google.com
1576520681349,a,www.google.com
1576520681486,a,app-measurement.com
1576520683258,a,www.google.com
1576520699953,a,bbwvvzohi
1576520699963,a,yotedmmrutpx
1576520699972,a,srhptwy
1576520711832,a,nckvmtqjv
1576520711843,a,jdvxdkrqhgqxtj
1576520711851,a,wethbtpfjiybxr
1576520724083,a,ntrpatmnm
1576520724091,a,gorcqwdoefw
1576520724114,a,avpzhga
1576520735192,a,lrdlxcivay
1576520735200,a,ayeshgwimd
1576520735207,a,nwgkafa
1576520742455,a,mmcmplmgixsm
1576520742465,a,qlblqbt
1576520742472,a,yukhgqvqguze
1576520742543,a,mobilenetworkscoring-pa.googleapis.com
1576520762188,a,assistant.google.com
1576520793238,b,e.crashlytics.com
1576520918673,a,playatoms-pa.googleapis.com
1576520919246,b,v8.analytics.pinsightmedia.com
1576520919499,b,data.flurry.com
1576520922560,a,android.googleapis.com
1576520923387,a,www.googleapis.com
1576520923779,a,footprints-pa.googleapis.com
1576520929490,b,data.flurry.com
1576521047011,a,update.googleapis.com
1576521047490,b,config.safedk.com
1576521047582,a,redirector.gvt1.com
1576521047717,a,r5---sn-q4fl6nlz.gvt1.com
1576521048047,a,graph.facebook.com
1576521048572,b,e.crashlytics.com
1576521049301,a,firebaseremoteconfig.googleapis.com
1576521049793,a,api.textnow.me
1576521107551,b,config.safedk.com
1576521170366,b,e.crashlytics.com
1576521224179,a,www.google.com
1576521224732,a,www.google.com
1576521225466,a,semanticlocation-pa.googleapis.com
1576521225757,a,www.google.com
1576521225894,a,www.google.com
1576521227920,a,www.google.com
1576521232722,a,chromesyncpasswords-pa.googleapis.com
1576521290351,b,e.crashlytics.com
1576521322814,a,semanticlocation-pa.googleapis.com
1576521322862,a,cqgkrofqqjifwqa
1576521322871,a,dhatmmmpknusxe
1576521322881,a,bgfwvosgdfygc
1576521322960,a,chromesyncpasswords-pa.googleapis.com
1576521335349,a,vvhdyezo
1576521335358,a,sikjkoopfmhxp
1576521335365,a,tkmhkzeatp
1576521341932,a,mtalk.google.com
1576521362088,a,alt5-mtalk.google.com
1576521407570,b,config.safedk.com
1576521442192,a,alt6-mtalk.google.com
1576521521724,a,play.googleapis.com
1576521560133,a,jnzcbtraucrmb
1576521560141,a,sxjfedozhoz
1576521560149,a,wubgwdlizmwzhqq
1576521572480,a,mwqauqvpdds
1576521572488,a,kwecafhrc
1576521572495,a,ycgqmeztty
1576521706699,a,mtalk.google.com
1576521726833,a,alt1-mtalk.google.com
1576521750862,a,api.samsungcloud.com
1576521832403,a,alt7-mtalk.google.com
1576521833301,a,szggibfmwvmcwqq
1576521833308,a,vtorxiwdxjvdhqn
1576521833315,a,ocgjumxaonbb
1576521840675,a,wdtlsma
1576521840682,a,ipqcfei
1576521840690,a,fwjldgixdjvgid
1576521869754,a,mtalk.google.com
1576521889841,a,alt4-mtalk.google.com
1576522036758,a,www.google.com
1576522037051,a,www.google.com
1576522038062,a,www.google.com
1576522038135,a,www.google.com
1576522040161,a,www.google.com
1576522055202,a,vxritamvtmnvow
1576522055209,a,nykcutlcsdcipb
1576522055217,a,fnjwgvtesvco
1576522055621,a,www.google.com
1576522055708,a,www.google.com
1576522055781,a,www.google.com
1576522056112,a,www.google.com
1576522056129,a,www.google.com
1576522067207,a,npmrfnhkcwjbpw
1576522067218,a,yhysbqgevvwd
1576522067227,a,tkfqsdrt
1576522069096,a,mtalk.google.com
1576522089241,a,alt5-mtalk.google.com
1576522101489,b,sessions.bugsnag.com
1576522104421,a,www.google.com
1576522104431,a,www.google.com
1576522105434,a,www.google.com
1576522105525,a,www.google.com
1576522107547,a,www.google.com
1576522159028,a,alt8-mtalk.google.com
1576522177983,a,www.google.com
1576522178982,a,www.google.com
1576522179992,a,www.google.com
1576522180093,a,www.google.com
1576522191872,a,qwvkbeip
1576522191910,a,gbboecncwp
1576522191926,a,gjpqksmzequdc
1576522203706,a,zehndqxtukgaqw
1576522203735,a,dukhxenk
1576522203744,a,yyjlkhklel
1576522237315,a,mtalk.google.com
1576522257502,a,alt7-mtalk.google.com
1576522281891,a,www.google.com
1576522282050,a,www.google.com
1576522283054,a,www.google.com
1576522283534,a,www.google.com
1576522284353,a,youtubei.googleapis.com
1576522284523,a,www.googleapis.com
1576522285552,a,www.google.com
1576522285881,a,i.ytimg.com
1576522288027,b,www.googleadservices.com
1576522416353,a,alt6-mtalk.google.com
1576522570541,a,ngiruvvfcjf
1576522570573,a,ytpxiqjbjty
1576522570583,a,egpbnxffwqunc
1576522582410,a,aauhozywkqti
1576522582418,a,nsaugafnomofh
1576522582425,a,hdmiksd
1576522588003,b,www.googleadservices.com
1576522594048,b,www.googleadservices.com
1576522598210,a,geomobileservices-pa.googleapis.com
1576522602076,b,www.googleadservices.com
1576522603201,a,geomobileservices-pa.googleapis.com
1576522608207,a,geomobileservices-pa.googleapis.com
1576522615458,b,service.game-mode.net
1576522618103,b,www.googleadservices.com
1576522637310,b,service.game-mode.net
1576522637808,a,www.googleapis.com
1576522642474,a,www.google.com
1576522642584,a,www.google.com
1576522643513,a,www.google.com
1576522645205,a,www.google.com
1576522647186,a,www.google.com
1576522653084,b,service.game-mode.net
1576522673836,a,mtalk.google.com
1576522673976,a,jiejchtnuycjrv
1576522673999,a,qmwwclcixztzx
1576522674058,a,cqyyyidxgomvc
1576522675680,a,geomobileservices-pa.googleapis.com
1576522682270,a,powhmlki
1576522682391,a,slgbzjum
1576522682493,a,nygidokd
1576522683327,a,geomobileservices-pa.googleapis.com
1576522684057,b,googleads.g.doubleclick.net
1576522684201,a,adb-shell.firebaseio.com
1576522684690,a,android.clients.google.com
1576522684749,a,safebrowsing.googleapis.com
1576522685704,b,settings.crashlytics.com
1576522697555,b,googleads.g.doubleclick.net
1576522697619,b,app-measurement.com
1576522704659,a,s-usc1c-nss-268.firebaseio.com
1576522720755,b,data.flurry.com
1576522720805,b,v8.analytics.pinsightmedia.com
1576522757666,b,googleads.g.doubleclick.net
1576522768015,b,googleads.g.doubleclick.net
1576522808758,b,app-measurement.com
1576522818748,b,app-measurement.com
1576522828114,b,googleads.g.doubleclick.net
1576522838372,b,googleads.g.doubleclick.net
1576522838465,b,app-measurement.com
1576523065125,a,tmjrihqkfikspkj
1576523065136,a,kazsbykxsakcp
1576523065144,a,pipfddaqjg
1576523065296,a,s-usc1c-nss-268.firebaseio.com
1576523076012,a,s-usc1c-nss-268.firebaseio.com
1576523076388,a,yvoopxbliwhm
1576523076396,a,kczgcxqeqlomj
1576523076403,a,wxernel
1576523080980,a,s-usc1c-nss-268.firebaseio.com
1576523081266,b,sessions.bugsnag.com
1576523081403,a,wxernel
1576523081424,a,yvoopxbliwhm
1576523081447,a,kczgcxqeqlomj
1576523085988,a,s-usc1c-nss-268.firebaseio.com
1576523086406,a,yvoopxbliwhm
1576523086471,a,kczgcxqeqlomj
1576523086494,a,wxernel
1576523101771,a,www.google.com
1576523101905,a,www.google.com
1576523102082,a,www.google.com
1576523102118,a,www.google.com
1576523102480,a,foaqtznftapywi
1576523102508,a,htshcmkrirqb
1576523102541,a,qzghswlv
1576523103328,a,s-usc1c-nss-268.firebaseio.com
1576523104129,a,www.google.com
1576523116215,a,izdnygmkaz
1576523116226,a,kvlzwgcnxte
1576523116232,a,gfbelsvdap
1576523116967,a,s-usc1c-nss-268.firebaseio.com
1576523155879,a,mtalk.google.com
1576523175970,a,alt6-mtalk.google.com
1576523186761,b,service.game-mode.net
1576523190286,a,www.googleapis.com
1576523274678,b,service.game-mode.net
1576523283261,b,service.game-mode.net
1576523320349,b,data.flurry.com
1576523320795,b,v8.analytics.pinsightmedia.com
1576523330695,b,data.flurry.com
1576523367210,b,service.game-mode.net
1576523373087,b,service.game-mode.net
1576523380808,b,service.game-mode.net
1576523385577,b,service.game-mode.net
1576523388046,b,sessions.bugsnag.com
1576523391904,b,service.game-mode.net
1576523411786,b,service.game-mode.net
1576523418254,b,service.game-mode.net
1576523431523,b,sessions.bugsnag.com
1576523433020,a,www.google.com
1576523433072,a,www.google.com
1576523434073,a,www.google.com
1576523434134,a,www.google.com
1576523434467,a,www.google.com
1576523438461,a,mqtt-mini.facebook.com
1576523639461,b,data.flurry.com
1576523642027,b,app-measurement.com
1576523648414,a,hub.samsungapps.com
1576523655454,b,app-measurement.com
1576523665507,b,app-measurement.com
1576523797476,b,app-measurement.com
1576523802721,b,config.safedk.com
1576523803594,b,e.crashlytics.com
1576523804787,a,api.textnow.me
1576523804995,a,firebaseremoteconfig.googleapis.com
1576523806609,a,graph.facebook.com
1576523808746,b,app-measurement.com
1576523808808,b,e.crashlytics.com
1576523862745,b,config.safedk.com
1576523928105,b,e.crashlytics.com
1576524048092,b,e.crashlytics.com
1576524096091,a,mtalk.google.com
1576524116147,a,alt4-mtalk.google.com
1576524162768,b,config.safedk.com
1576524217726,a,android.googleapis.com
1576524218257,a,www.google.com
1576524218311,a,www.google.com
1576524218334,a,www.google.com
1576524218378,a,www.google.com
1576524218423,a,www.google.com
1576524218438,a,www.googleapis.com
1576524220340,b,data.flurry.com
1576524220387,b,v8.analytics.pinsightmedia.com
1576524230267,b,data.flurry.com
1576524364605,a,scontent.xx.fbcdn.net
1576524420998,b,sessions.bugsnag.com
1576524436968,b,app-measurement.com
1576524831254,a,chromesyncpasswords-pa.googleapis.com
1576524831998,a,www.google.com
1576524832014,a,www.google.com
1576524832027,a,www.google.com
1576524832067,a,www.google.com
1576524832091,a,www.google.com
1576524833138,a,www.gstatic.com
1576524833145,a,www.gstatic.com
1576524833149,a,www.gstatic.com
1576524833208,a,api.samsungcloud.com
1576524833214,a,www.gstatic.com
1576524833231,a,www.gstatic.com
1576524835379,a,vas.samsungapps.com
1576524839390,a,us1rgn.file.samsungcloud.com
1576525086228,a,play.googleapis.com
1576525094106,a,www.google.com
1576525095124,a,www.google.com
1576525096172,a,www.google.com
1576525096589,a,www.google.com
1576525120426,b,data.flurry.com
1576525184191,a,graph.facebook.com
1576525376133,a,android.googleapis.com
1576525376742,a,www.googleapis.com
1576526056412,a,mtalk.google.com
1576526076458,a,alt6-mtalk.google.com
1576526138184,a,alt1-mtalk.google.com
1576526138699,a,android.googleapis.com
1576526139967,a,www.googleapis.com
1576526282958,a,cryptauthenrollment.googleapis.com
1576526282970,b,app-measurement.com
1576526287936,a,cryptauthenrollment.googleapis.com
1576526292944,a,cryptauthenrollment.googleapis.com
1576526455885,a,www.google.com
1576526456924,a,www.google.com
1576526456984,a,www.google.com
1576526457022,a,www.google.com
1576526457058,a,www.google.com
1576526458466,b,app-measurement.com
1576526461109,b,sessions.bugsnag.com
1576526515481,b,v8.analytics.pinsightmedia.com
1576526740878,a,us-odc.samsungapps.com
1576526742080,a,graph.facebook.com
1576526783083,a,chromesyncpasswords-pa.googleapis.com
1576526920458,a,dc.di.atlas.samsung.com
1576526922927,a,us-auth2.samsungosp.com
1576526928710,a,api.rb.sbixby.com
1576526934991,a,api.samsungcloud.com
1576526971968,a,www.google.com
1576526971999,a,www.google.com
1576526972023,a,www.google.com
1576526973109,a,www.google.com
1576526978757,a,android.googleapis.com
1576527073627,b,sessions.bugsnag.com
1576527077884,a,vas.samsungapps.com
1576527077902,a,vas.samsungapps.com
1576527091147,a,notifications-pa.googleapis.com
1576527091956,a,lh4.googleusercontent.com
1576527113720,a,apu2.quseit.com
1576527416514,b,config.safedk.com
1576527417319,b,e.crashlytics.com
1576527418432,a,api.textnow.me
1576527418602,a,firebaseremoteconfig.googleapis.com
1576527419881,a,graph.facebook.com
1576527476553,b,config.safedk.com
1576527539031,b,e.crashlytics.com
1576527659012,b,e.crashlytics.com
1576527673894,b,sessions.bugsnag.com
1576527688152,a,youtubei.googleapis.com
1576527688190,a,www.googleapis.com
1576527688411,a,i.ytimg.com
1576527688460,a,android.googleapis.com
1576527689285,b,www.googleadservices.com
1576527693231,a,www.googleapis.com
1576527698205,a,www.googleapis.com
1576527776577,b,config.safedk.com
1576527830585,b,settings.crashlytics.com
1576527830682,b,data.flurry.com
1576527892309,a,mqtt-mini.facebook.com
1576527971988,a,xycksblb
1576527972019,a,vdwalhhny
1576527972036,a,pnpwknzizpnndk
1576527984163,a,mrnyxfcshpz
1576527984172,a,sfhxyguzfif
1576527984202,a,xqpekxtxry
1576527985824,a,alt2-mtalk.google.com
1576527989314,b,www.googleadservices.com
1576527995360,b,www.googleadservices.com
1576528003387,b,www.googleadservices.com
1576528017035,a,mtalk.google.com
1576528032465,b,www.googleadservices.com
1576528068868,a,www.google.com
1576528068964,a,www.google.com
1576528069527,b,app-measurement.com
1576528069985,a,www.google.com
1576528070098,a,www.google.com
1576528072090,a,www.google.com
1576528075995,a,alt3-mtalk.google.com
1576528079728,b,app-measurement.com
1576528095914,b,www.googleadservices.com
1576528111184,a,www.google.com
1576528111216,a,www.google.com
1576528111242,a,www.google.com
1576528111292,a,www.google.com
1576528112007,a,gtqpcayr
1576528112031,a,yeahfbp
1576528112059,a,fmfrihwclibnyx
1576528113320,a,www.google.com
1576528113372,a,www.google.com
1576528113402,a,www.google.com
1576528113450,a,www.google.com
1576528113500,a,www.google.com
1576528126066,a,jgbgnkaxgbitxbi
1576528126072,a,xglvnmdsrgh
1576528126080,a,eaidtbzgvxdav
1576528126762,a,www.google.com
1576528127674,a,www.google.com
1576528128019,a,www.google.com
1576528130018,a,www.google.com
1576528131078,a,eaidtbzgvxdav
1576528131085,a,xglvnmdsrgh
1576528131091,a,jgbgnkaxgbitxbi
1576528132052,a,www.google.com
1576528136081,a,eaidtbzgvxdav
1576528136090,a,xglvnmdsrgh
1576528136099,a,jgbgnkaxgbitxbi
1576528136921,b,sessions.bugsnag.com
1576528137071,a,www.google.com
1576528141451,a,mtalk.google.com
1576528142055,a,www.google.com
1576528146425,a,mtalk.google.com
1576528147054,a,www.google.com
1576528151442,a,mtalk.google.com
1576528152066,a,www.google.com
1576528152073,a,www.google.com
1576528152080,a,www.google.com
1576528171640,a,alt4-mtalk.google.com
1576528194801,a,www.gstatic.com
1576528194827,a,www.gstatic.com
1576528195010,a,www.gstatic.com
1576528195091,a,www.gstatic.com
1576528195390,a,www.gstatic.com
1576528195432,b,app-measurement.com
1576528201869,a,dc.dqa.samsung.com
1576528205670,b,app-measurement.com
1576528232732,b,sessions.bugsnag.com
1576528270005,a,geomobileservices-pa.googleapis.com
1576528346108,b,app-measurement.com
1576528350254,b,sessions.bugsnag.com
1576528355119,b,www.googleadservices.com
1576528356179,b,app-measurement.com
1576528415173,b,www.googleadservices.com
1576528434581,b,app-measurement.com
1576528439887,a,checkip.amazonaws.com
1576528440716,a,api.leanplum.com
1576528441924,b,ads.mopub.com
1576528441991,b,graph.facebook.com
1576528443349,b,ms.applovin.com
1576528443606,b,rt.applovin.com
1576528444066,b,googleads.g.doubleclick.net
1576528444735,b,cdn2.inner-active.mobi
1576528445897,b,app-measurement.com
1576528445914,b,d.applovin.com
1576528445925,a,safebrowsing.googleapis.com
1576528446621,b,clearbid.uberads.com
1576528448655,b,rt.applovin.com
1576528450825,b,app.adjust.com
1576528454925,b,app-measurement.com
1576528457006,a,api.textnow.me
1576528457205,a,qos.textnow.me
1576528457475,a,events.emogi.com
1576528457627,b,graph.facebook.com
1576528461594,b,clearbid.uberads.com
1576528461910,b,ads.mopub.com
1576528462999,b,aax-us-east.amazon-adsystem.com
1576528463734,b,googleads.g.doubleclick.net
1576528465082,b,app-measurement.com
1576528474032,b,sessions.bugsnag.com
1576528474358,b,rt.applovin.com
1576528474381,b,googleads.g.doubleclick.net
1576528475007,a,cognito-identity.us-east-1.amazonaws.com
1576528475549,a,firehose.us-west-2.amazonaws.com
1576528475964,b,app-measurement.com
1576528478742,b,e.crashlytics.com
1576528486058,b,app-measurement.com
1576528548790,b,graph.facebook.com
1576528559881,b,e.crashlytics.com
1576528580274,a,mttylws
1576528580422,a,zsvgrvg
1576528580502,a,dyrmvaboru
1576528580620,a,mtalk.google.com
1576528583521,a,www.google.com
1576528584535,a,www.google.com
1576528585228,a,mttylws
1576528585283,a,zsvgrvg
1576528585291,a,dyrmvaboru
1576528585542,a,www.google.com
1576528585629,a,mtalk.google.com
1576528587574,a,www.google.com
1576528589599,a,www.google.com
1576528590234,a,mttylws
1576528590269,a,zsvgrvg
1576528590291,a,dyrmvaboru
1576528590627,a,mtalk.google.com
1576528594593,a,www.google.com
1576528595252,a,mttylws
1576528595265,a,zsvgrvg
1576528595272,a,dyrmvaboru
1576528595625,a,mtalk.google.com
1576528599605,a,www.google.com
1576528600232,a,mttylws
1576528600242,a,mttylws
1576528600251,a,mttylws
1576528600262,a,zsvgrvg
1576528600272,a,dyrmvaboru
1576528600284,a,zsvgrvg
1576528600311,a,dyrmvaboru
1576528600320,a,zsvgrvg
1576528600327,a,dyrmvaboru
1576528600623,a,mtalk.google.com
1576528604603,a,www.google.com
1576528605238,a,mttylws
1576528605249,a,mttylws
1576528605263,a,mttylws
1576528605271,a,zsvgrvg
1576528605288,a,dyrmvaboru
1576528605298,a,zsvgrvg
1576528605329,a,zsvgrvg
1576528605338,a,dyrmvaboru
1576528605348,a,dyrmvaboru
1576528605632,a,mtalk.google.com
1576528609610,a,www.google.com
1576528609617,a,www.google.com
1576528609626,a,www.google.com
1576528610234,a,mttylws
1576528610243,a,mttylws
1576528610251,a,mttylws
1576528610261,a,zsvgrvg
1576528610291,a,dyrmvaboru
1576528610299,a,zsvgrvg
1576528610306,a,dyrmvaboru
1576528610313,a,zsvgrvg
1576528610321,a,dyrmvaboru
1576528610634,a,mtalk.google.com
1576528614622,a,www.google.com
1576528614633,a,www.google.com
1576528614641,a,www.google.com
1576528615257,a,mttylws
1576528615269,a,mttylws
1576528615320,a,dyrmvaboru
1576528615332,a,zsvgrvg
1576528615342,a,zsvgrvg
1576528615355,a,dyrmvaboru
1576528615363,a,dyrmvaboru
1576528615373,a,zsvgrvg
1576528615687,a,mtalk.google.com
1576528619630,a,www.google.com
1576528619638,a,www.google.com
1576528619650,a,www.google.com
1576528620250,a,mttylws
1576528620302,a,mttylws
1576528620333,a,zsvgrvg
1576528620341,a,dyrmvaboru
1576528620351,a,zsvgrvg
1576528620358,a,dyrmvaboru
1576528620666,a,alt1-mtalk.google.com
1576528624657,a,www.google.com
1576528624664,a,www.google.com
1576528625257,a,mttylws
1576528625285,a,mttylws
1576528625299,a,zsvgrvg
1576528625638,a,zsvgrvg
1576528625652,a,dyrmvaboru
1576528625660,a,dyrmvaboru
1576528625684,a,alt1-mtalk.google.com
1576528629647,a,www.google.com
1576528629653,a,www.google.com
1576528630289,a,mttylws
1576528630297,a,mttylws
1576528630312,a,zsvgrvg
1576528630322,a,dyrmvaboru
1576528630333,a,dyrmvaboru
1576528630361,a,zsvgrvg
1576528630694,a,alt1-mtalk.google.com
1576528634667,a,www.google.com
1576528634674,a,www.google.com
1576528635285,a,mttylws
1576528635308,a,zsvgrvg
1576528635328,a,dyrmvaboru
1576528635335,a,dyrmvaboru
1576528635344,a,zsvgrvg
1576528635675,a,alt1-mtalk.google.com
1576528639661,a,www.google.com
1576528639695,a,www.google.com
1576528640714,a,alt1-mtalk.google.com
1576528645707,a,alt1-mtalk.google.com
1576528650708,a,alt1-mtalk.google.com
1576528655716,a,alt1-mtalk.google.com
1576528670718,a,mtalk.google.com
1576528675735,a,mtalk.google.com
1576528680734,a,mtalk.google.com
1576528685727,a,mtalk.google.com
1576528690733,a,mtalk.google.com
1576528695734,a,mtalk.google.com
1576528700773,a,mtalk.google.com
1576528705748,a,mtalk.google.com
1576528710761,a,alt7-mtalk.google.com
1576528715774,a,alt7-mtalk.google.com
1576528720770,a,alt7-mtalk.google.com
1576528725781,a,alt7-mtalk.google.com
1576528730778,a,alt7-mtalk.google.com
1576528735789,a,alt7-mtalk.google.com
1576528740802,a,alt7-mtalk.google.com
1576528745798,a,alt7-mtalk.google.com
1576528770820,a,mtalk.google.com
1576528775843,a,mtalk.google.com
1576528780835,a,mtalk.google.com
1576528785834,a,mtalk.google.com
1576528790838,a,mtalk.google.com
1576528795843,a,mtalk.google.com
1576528800862,a,mtalk.google.com
1576528805851,a,mtalk.google.com
1576528810867,a,alt4-mtalk.google.com
1576528815869,a,alt4-mtalk.google.com
1576528820871,a,alt4-mtalk.google.com
1576528825877,a,alt4-mtalk.google.com
1576528830902,a,alt4-mtalk.google.com
1576528835883,a,alt4-mtalk.google.com
1576528840889,a,alt4-mtalk.google.com
1576528845895,a,alt4-mtalk.google.com
1576528890928,a,mtalk.google.com
1576528895939,a,mtalk.google.com
1576528900937,a,mtalk.google.com
1576528905943,a,mtalk.google.com
1576528910952,a,mtalk.google.com
1576528915952,a,mtalk.google.com
1576528920953,a,mtalk.google.com
1576528925977,a,mtalk.google.com
1576528930964,a,alt1-mtalk.google.com
1576528935972,a,alt1-mtalk.google.com
1576528940973,a,alt1-mtalk.google.com
1576528945977,a,alt1-mtalk.google.com
1576528950988,a,alt1-mtalk.google.com
1576528955990,a,alt1-mtalk.google.com
1576528960996,a,alt1-mtalk.google.com
1576528965996,a,alt1-mtalk.google.com
1576529051016,a,mtalk.google.com
1576529056025,a,mtalk.google.com
1576529061056,a,mtalk.google.com
1576529066032,a,mtalk.google.com
1576529071040,a,mtalk.google.com
1576529076042,a,mtalk.google.com
1576529081056,a,mtalk.google.com
1576529086053,a,mtalk.google.com
1576529091065,a,alt2-mtalk.google.com
1576529096073,a,alt2-mtalk.google.com
1576529101071,a,alt2-mtalk.google.com
1576529106077,a,alt2-mtalk.google.com
1576529111085,a,alt2-mtalk.google.com
1576529116108,a,alt2-mtalk.google.com
1576529121099,a,alt2-mtalk.google.com
1576529126104,a,alt2-mtalk.google.com
1576529291118,a,mtalk.google.com
1576529296129,a,mtalk.google.com
1576529301133,a,mtalk.google.com
1576529306135,a,mtalk.google.com
1576529311148,a,mtalk.google.com
1576529316144,a,mtalk.google.com
1576529321147,a,mtalk.google.com
1576529326158,a,mtalk.google.com
1576529331191,a,alt6-mtalk.google.com
1576529336175,a,alt6-mtalk.google.com
1576529341170,a,alt6-mtalk.google.com
1576529346183,a,alt6-mtalk.google.com
1576529351181,a,alt6-mtalk.google.com
1576529356186,a,alt6-mtalk.google.com
1576529361193,a,alt6-mtalk.google.com
1576529366199,a,alt6-mtalk.google.com
1576529691222,a,mtalk.google.com
1576529696224,a,mtalk.google.com
1576529701236,a,mtalk.google.com
1576529706517,a,mtalk.google.com
1576529711242,a,mtalk.google.com
1576529716241,a,mtalk.google.com
1576529721249,a,mtalk.google.com
1576529726251,a,mtalk.google.com
1576529731261,a,alt1-mtalk.google.com
1576529736266,a,alt1-mtalk.google.com
1576529741270,a,alt1-mtalk.google.com
1576529746272,a,alt1-mtalk.google.com
1576529751278,a,alt1-mtalk.google.com
1576529756282,a,alt1-mtalk.google.com
1576529761301,a,alt1-mtalk.google.com
1576529766290,a,alt1-mtalk.google.com
1576529860611,a,play.googleapis.com
1576529864166,a,www.googleapis.com
1576529865602,a,play.googleapis.com
1576529869176,a,www.googleapis.com
1576529870608,a,play.googleapis.com
1576529874182,a,www.googleapis.com
1576529875610,a,play.googleapis.com
1576529879183,a,www.googleapis.com
1576529880617,a,play.googleapis.com
1576529884199,a,www.googleapis.com
1576529885619,a,play.googleapis.com
1576529889193,a,www.googleapis.com
1576529890626,a,play.googleapis.com
1576529894198,a,www.googleapis.com
1576529895632,a,play.googleapis.com
1576529899200,a,www.googleapis.com
1576530220460,a,www.google.com
1576530221470,a,www.google.com
1576530222484,a,www.google.com
1576530224500,a,www.google.com
1576530226555,a,www.google.com
1576530231552,a,www.google.com
1576530236538,a,www.google.com
1576530241540,a,www.google.com
1576530246551,a,www.google.com
1576530246559,a,www.google.com
1576530246566,a,www.google.com
1576530251551,a,www.google.com
1576530251557,a,www.google.com
1576530251566,a,www.google.com
1576530256558,a,www.google.com
1576530256583,a,www.google.com
1576530256588,a,www.google.com
1576530261556,a,www.google.com
1576530261562,a,www.google.com
1576530261569,a,www.google.com
1576530266564,a,www.google.com
1576530266571,a,www.google.com
1576530271574,a,www.google.com
1576530271584,a,www.google.com
1576530276575,a,www.google.com
1576530276582,a,www.google.com
1576530281598,a,www.google.com
1576530281603,a,www.google.com
1576530411313,a,mtalk.google.com
1576530416317,a,mtalk.google.com
1576530421324,a,mtalk.google.com
1576530426328,a,mtalk.google.com
1576530431330,a,mtalk.google.com
1576530436345,a,mtalk.google.com
1576530441343,a,mtalk.google.com
1576530446348,a,mtalk.google.com
1576530451357,a,alt4-mtalk.google.com
1576530456396,a,alt4-mtalk.google.com
1576530461366,a,alt4-mtalk.google.com
1576530466379,a,alt4-mtalk.google.com
1576530471378,a,alt4-mtalk.google.com
1576530476381,a,alt4-mtalk.google.com
1576530481388,a,alt4-mtalk.google.com
1576530486394,a,alt4-mtalk.google.com
1576530531029,a,api.rb.sbixby.com
1576530536044,a,api.rb.sbixby.com
1576530541047,a,api.rb.sbixby.com
1576530826820,a,api.rb.sbixby.com
1576531207925,a,api.rb.sbixby.com
1576531207960,a,www.google.com
1576531208327,b,config.safedk.com
1576531208963,a,www.google.com
1576531212293,a,www.google.com
1576531212335,b,e.crashlytics.com
1576531212419,a,www.google.com
1576531212831,a,api.rb.sbixby.com
1576531214025,a,www.google.com
1576531214124,a,api.textnow.me
1576531214545,a,firebaseremoteconfig.googleapis.com
1576531217926,a,api.rb.sbixby.com
1576531218797,a,geomobileservices-pa.googleapis.com
1576531219028,a,www.google.com
1576531219126,a,api.textnow.me
1576531219556,a,firebaseremoteconfig.googleapis.com
1576531219702,b,app-measurement.com
1576531221502,b,sessions.bugsnag.com
1576531222842,a,api.rb.sbixby.com
1576531223766,a,geomobileservices-pa.googleapis.com
1576531224049,a,www.google.com
1576531224135,a,api.textnow.me
1576531224600,a,firebaseremoteconfig.googleapis.com
1576531225102,a,us-auth2.samsungosp.com
1576531228762,a,geomobileservices-pa.googleapis.com
1576531229033,a,www.google.com
1576531229131,a,api.textnow.me
1576531229543,a,firebaseremoteconfig.googleapis.com
1576531230105,a,us-auth2.samsungosp.com
1576531231937,a,android.googleapis.com
1576531232967,a,api.samsungcloud.com
1576531233776,a,geomobileservices-pa.googleapis.com
1576531234035,a,www.google.com
1576531234341,a,www.google.com
1576531234349,a,www.google.com
1576531234354,a,api.textnow.me
1576531234554,a,firebaseremoteconfig.googleapis.com
1576531235116,a,us-auth2.samsungosp.com
1576531236951,a,android.googleapis.com
1576531237975,a,api.samsungcloud.com
1576531238770,a,geomobileservices-pa.googleapis.com
1576531239035,a,www.google.com
1576531239041,a,www.google.com
1576531239046,a,www.google.com
1576531239149,a,api.textnow.me
1576531239561,a,firebaseremoteconfig.googleapis.com
1576531240121,a,us-auth2.samsungosp.com
1576531241954,a,android.googleapis.com
1576531242975,a,api.samsungcloud.com
1576531243775,a,geomobileservices-pa.googleapis.com
1576531244038,a,www.google.com
1576531244045,a,www.google.com
1576531244051,a,www.google.com
1576531244143,a,api.textnow.me
1576531244567,a,firebaseremoteconfig.googleapis.com
1576531245153,a,us-auth2.samsungosp.com
1576531246957,a,android.googleapis.com
1576531247980,a,api.samsungcloud.com
1576531248779,a,geomobileservices-pa.googleapis.com
1576531249038,a,www.google.com
1576531249045,a,www.google.com
1576531249051,a,www.google.com
1576531249139,a,api.textnow.me
1576531249575,a,firebaseremoteconfig.googleapis.com
1576531250126,a,us-auth2.samsungosp.com
1576531251961,a,android.googleapis.com
1576531251983,a,android.googleapis.com
1576531252991,a,api.samsungcloud.com
1576531253790,a,geomobileservices-pa.googleapis.com
1576531254056,a,www.google.com
1576531254064,a,www.google.com
1576531255138,a,us-auth2.samsungosp.com
1576531256973,a,android.googleapis.com
1576531256986,a,android.googleapis.com
1576531257991,a,api.samsungcloud.com
1576531259063,a,www.google.com
1576531259074,a,www.google.com
1576531260162,a,us-auth2.samsungosp.com
1576531261462,a,geomobileservices-pa.googleapis.com
1576531261975,a,android.googleapis.com
1576531261987,a,android.googleapis.com
1576531262998,a,api.samsungcloud.com
1576531264067,a,www.google.com
1576531264075,a,www.google.com
1576531266463,a,geomobileservices-pa.googleapis.com
1576531266982,a,android.googleapis.com
1576531266993,a,android.googleapis.com
1576531268003,a,api.samsungcloud.com
1576531268606,b,config.safedk.com
1576531269076,a,www.google.com
1576531269085,a,www.google.com
1576531271464,a,geomobileservices-pa.googleapis.com
1576531271990,a,android.googleapis.com
1576531271995,a,android.googleapis.com
1576531274285,a,android.googleapis.com
1576531276474,a,geomobileservices-pa.googleapis.com
1576531276985,a,android.googleapis.com
1576531276992,a,android.googleapis.com
1576531279287,a,android.googleapis.com
1576531281514,a,geomobileservices-pa.googleapis.com
1576531281990,a,android.googleapis.com
1576531281998,a,android.googleapis.com
1576531284291,a,android.googleapis.com
1576531285110,b,service.game-mode.net
1576531286482,a,geomobileservices-pa.googleapis.com
1576531286993,a,android.googleapis.com
1576531287000,a,android.googleapis.com
1576531289297,a,android.googleapis.com
1576531291492,a,geomobileservices-pa.googleapis.com
1576531292003,a,android.googleapis.com
1576531292044,a,android.googleapis.com
1576531294315,a,android.googleapis.com
1576531296491,a,geomobileservices-pa.googleapis.com
1576531297001,a,android.googleapis.com
1576531297007,a,android.googleapis.com
1576531299312,a,android.googleapis.com
1576531302017,a,android.googleapis.com
1576531302026,a,android.googleapis.com
1576531303673,a,geomobileservices-pa.googleapis.com
1576531304317,a,android.googleapis.com
1576531307017,a,android.googleapis.com
1576531307055,a,android.googleapis.com
1576531308426,b,sessions.bugsnag.com
1576531308683,a,geomobileservices-pa.googleapis.com
1576531309322,a,android.googleapis.com
1576531312027,a,android.googleapis.com
1576531312037,a,android.googleapis.com
1576531312043,a,android.googleapis.com
1576531313689,a,geomobileservices-pa.googleapis.com
1576531317030,a,android.googleapis.com
1576531317038,a,android.googleapis.com
1576531317047,a,android.googleapis.com
1576531317988,a,android.googleapis.com
1576531318683,a,geomobileservices-pa.googleapis.com
1576531322030,a,android.googleapis.com
1576531322038,a,android.googleapis.com
1576531322045,a,android.googleapis.com
1576531322964,a,android.googleapis.com
1576531323688,a,geomobileservices-pa.googleapis.com
1576531327029,a,android.googleapis.com
1576531327035,a,android.googleapis.com
1576531327055,a,android.googleapis.com
1576531327976,a,android.googleapis.com
1576531328978,a,geomobileservices-pa.googleapis.com
1576531332041,a,android.googleapis.com
1576531332051,a,android.googleapis.com
1576531332067,a,android.googleapis.com
1576531332074,a,android.googleapis.com
1576531332978,a,android.googleapis.com
1576531333699,a,geomobileservices-pa.googleapis.com
1576531337046,a,android.googleapis.com
1576531337055,a,android.googleapis.com
1576531337064,a,android.googleapis.com
1576531337073,a,android.googleapis.com
1576531338004,a,android.googleapis.com
1576531338704,a,geomobileservices-pa.googleapis.com
1576531342049,a,android.googleapis.com
1576531342058,a,android.googleapis.com
1576531342066,a,android.googleapis.com
1576531342074,a,android.googleapis.com
1576531342992,a,android.googleapis.com
1576531347070,a,android.googleapis.com
1576531347078,a,android.googleapis.com
1576531347086,a,android.googleapis.com
1576531347095,a,android.googleapis.com
1576531348020,a,android.googleapis.com
1576531348525,a,geomobileservices-pa.googleapis.com
1576531352058,a,android.googleapis.com
1576531352063,a,android.googleapis.com
1576531352069,a,android.googleapis.com
1576531352714,b,service.game-mode.net
1576531352995,a,android.googleapis.com
1576531353525,a,geomobileservices-pa.googleapis.com
1576531357071,a,android.googleapis.com
1576531357083,a,android.googleapis.com
1576531357091,a,android.googleapis.com
1576531358562,a,geomobileservices-pa.googleapis.com
1576531360848,a,android.googleapis.com
1576531362092,a,android.googleapis.com
1576531362120,a,android.googleapis.com
1576531362146,a,android.googleapis.com
1576531363572,a,geomobileservices-pa.googleapis.com
1576531365852,a,android.googleapis.com
1576531367100,a,android.googleapis.com
1576531367135,a,android.googleapis.com
1576531367183,a,android.googleapis.com
1576531368569,a,geomobileservices-pa.googleapis.com
1576531370855,a,android.googleapis.com
1576531372087,a,android.googleapis.com
1576531373545,a,geomobileservices-pa.googleapis.com
1576531374271,b,e.crashlytics.com
1576531375264,a,android.googleapis.com
1576531375843,a,android.googleapis.com
1576531377088,a,android.googleapis.com
1576531378556,a,geomobileservices-pa.googleapis.com
1576531380250,a,android.googleapis.com
1576531380853,a,android.googleapis.com
1576531382087,a,android.googleapis.com
1576531383591,a,geomobileservices-pa.googleapis.com
1576531385255,a,android.googleapis.com
1576531385856,a,android.googleapis.com
1576531387090,a,android.googleapis.com
1576531390261,a,android.googleapis.com
1576531390864,a,android.googleapis.com
1576531391417,a,mtalk.google.com
1576531392100,a,android.googleapis.com
1576531394915,a,geomobileservices-pa.googleapis.com
1576531395265,a,android.googleapis.com
1576531395864,a,android.googleapis.com
1576531396459,a,mtalk.google.com
1576531397100,a,android.googleapis.com
1576531399919,a,geomobileservices-pa.googleapis.com
1576531400272,a,android.googleapis.com
1576531401429,a,mtalk.google.com
1576531402110,a,android.googleapis.com
1576531404927,a,geomobileservices-pa.googleapis.com
1576531405275,a,android.googleapis.com
1576531406444,a,mtalk.google.com
1576531407116,a,android.googleapis.com
1576531409924,a,geomobileservices-pa.googleapis.com
1576531410310,a,android.googleapis.com
1576531411437,a,mtalk.google.com
1576531412122,a,android.googleapis.com
1576531414936,a,geomobileservices-pa.googleapis.com
1576531416446,a,mtalk.google.com
1576531417121,a,android.googleapis.com
1576531417743,a,android.googleapis.com
1576531419941,a,geomobileservices-pa.googleapis.com
1576531421448,a,mtalk.google.com
1576531422132,a,android.googleapis.com
1576531422753,a,android.googleapis.com
1576531424982,a,geomobileservices-pa.googleapis.com
1576531426455,a,mtalk.google.com
1576531427132,a,android.googleapis.com
1576531427758,a,android.googleapis.com
1576531429950,a,geomobileservices-pa.googleapis.com
1576531431466,a,alt5-mtalk.google.com
1576531432143,a,android.googleapis.com
1576531432156,a,android.googleapis.com
1576531432761,a,android.googleapis.com
1576531436480,a,alt5-mtalk.google.com
1576531437148,a,android.googleapis.com
1576531437195,a,android.googleapis.com
1576531437764,a,android.googleapis.com
1576531441486,a,alt5-mtalk.google.com
1576531442159,a,android.googleapis.com
1576531442175,a,android.googleapis.com
1576531442766,a,android.googleapis.com
1576531446502,a,alt5-mtalk.google.com
1576531447115,a,geomobileservices-pa.googleapis.com
1576531447148,a,android.googleapis.com
1576531447158,a,android.googleapis.com
1576531447777,a,android.googleapis.com
1576531451780,a,alt5-mtalk.google.com
1576531452131,a,geomobileservices-pa.googleapis.com
1576531452159,a,android.googleapis.com
1576531452167,a,android.googleapis.com
1576531452176,a,android.googleapis.com
1576531452781,a,android.googleapis.com
1576531456502,a,alt5-mtalk.google.com
1576531457130,a,geomobileservices-pa.googleapis.com
1576531457164,a,android.googleapis.com
1576531457171,a,android.googleapis.com
1576531457179,a,android.googleapis.com
1576531459905,b,service.game-mode.net
1576531461505,a,alt5-mtalk.google.com
1576531462135,a,geomobileservices-pa.googleapis.com
1576531462161,a,android.googleapis.com
1576531462170,a,android.googleapis.com
1576531462177,a,android.googleapis.com
1576531462249,a,android.googleapis.com
1576531466510,a,alt5-mtalk.google.com
1576531467161,a,geomobileservices-pa.googleapis.com
1576531467191,a,android.googleapis.com
1576531467218,a,android.googleapis.com
1576531467280,a,android.googleapis.com
1576531467289,a,android.googleapis.com
1576531472147,a,geomobileservices-pa.googleapis.com
1576531472172,a,android.googleapis.com
1576531472259,a,android.googleapis.com
1576531477151,a,geomobileservices-pa.googleapis.com
1576531477178,a,android.googleapis.com
1576531477264,a,android.googleapis.com
1576531482156,a,geomobileservices-pa.googleapis.com
1576531482183,a,android.googleapis.com
1576531482271,a,android.googleapis.com
1576531487216,a,android.googleapis.com
1576531487274,a,android.googleapis.com
1576531492199,a,android.googleapis.com
1576531492280,a,android.googleapis.com
1576531494249,b,e.crashlytics.com
1576531497199,a,android.googleapis.com
1576531497286,a,android.googleapis.com
1576531499880,b,service.game-mode.net
1576531501749,a,geomobileservices-pa.googleapis.com
1576531502203,a,android.googleapis.com
1576531506751,a,geomobileservices-pa.googleapis.com
1576531507124,b,service.game-mode.net
1576531507203,a,android.googleapis.com
1576531507931,a,android.googleapis.com
1576531511757,a,geomobileservices-pa.googleapis.com
1576531512211,a,android.googleapis.com
1576531512932,a,android.googleapis.com
1576531516036,b,service.game-mode.net
1576531516770,a,geomobileservices-pa.googleapis.com
1576531517231,a,android.googleapis.com
1576531517631,b,settings.crashlytics.com
1576531517958,a,android.googleapis.com
1576531518217,b,data.flurry.com
1576531518343,b,v8.analytics.pinsightmedia.com
1576531521626,b,service.game-mode.net
1576531521769,a,geomobileservices-pa.googleapis.com
1576531522230,a,android.googleapis.com
1576531522945,a,android.googleapis.com
1576531526774,a,geomobileservices-pa.googleapis.com
1576531527225,a,android.googleapis.com
1576531527963,a,android.googleapis.com
1576531527974,a,android.googleapis.com
1576593473040,a,mtalk.google.com
1576593529689,a,www.google.com
1576593529704,a,www.google.com
1576593529732,a,www.google.com
1576593529752,a,www.google.com
1576593529796,a,www.google.com
1576593531373,a,mobiledataplan-pa.googleapis.com
1576593532099,a,semanticlocation-pa.googleapis.com
1576593534657,a,www.gstatic.com
1576593534671,a,www.gstatic.com
1576593534807,a,www.gstatic.com
1576593534822,a,www.gstatic.com
1576593534847,a,www.gstatic.com
1576593541725,a,safebrowsing.googleapis.com
1576593543657,a,145.7.57.10.in-addr.arpa
1576593543719,a,124.7.57.10.in-addr.arpa
1576593544231,b,id.google.com
1576593547897,a,encrypted-tbn0.gstatic.com
1576593548484,a,encrypted-tbn3.gstatic.com
1576593548515,a,encrypted-tbn2.gstatic.com
1576593548536,a,encrypted-tbn1.gstatic.com
1576593549382,b,www.googleadservices.com
1576593550074,a,cdn.ampproject.org
1576593550597,b,adservice.google.com
1576593589655,b,id.google.com
1576593591428,b,adservice.google.com
1576593593313,b,www.googleadservices.com
1576593598303,a,youtubei.googleapis.com
1576593598338,a,www.googleapis.com
1576593598500,a,i.ytimg.com
1576593598811,a,redirector.googlevideo.com
1576593598853,a,redirector.googlevideo.com
1576593598932,a,redirector.googlevideo.com
1576593598943,a,redirector.googlevideo.com
1576593598982,a,redirector.googlevideo.com
1576593599585,a,r2---sn-q4flrnee.googlevideo.com
1576593599594,a,r2---sn-q4flrn7d.googlevideo.com
1576593599609,a,r5---sn-q4flrn7r.googlevideo.com
1576593599967,a,r2---sn-q4flrnee.googlevideo.com
1576593599982,a,r2---sn-q4flrn7d.googlevideo.com
1576593599998,a,r5---sn-q4flrn7r.googlevideo.com
1576593600067,a,r2---sn-q4flrnee.googlevideo.com
1576593600086,a,r2---sn-q4flrn7d.googlevideo.com
1576593600148,a,r5---sn-q4flrn7r.googlevideo.com
1576593600161,a,r2---sn-q4flrnee.googlevideo.com
1576593600170,a,r2---sn-q4flrn7d.googlevideo.com
1576593600187,a,r5---sn-q4flrn7r.googlevideo.com
1576593600203,a,r2---sn-q4flrnee.googlevideo.com
1576593600217,a,r2---sn-q4flrn7d.googlevideo.com
1576593600230,a,r5---sn-q4flrn7r.googlevideo.com
1576593600592,b,www.googleadservices.com
1576593600866,a,yt3.ggpht.com
1576593601028,a,suggestqueries.google.com
1576593608455,a,mqtt-mini.facebook.com
1576593609525,a,manifest.googlevideo.com
1576593609537,a,manifest.googlevideo.com
1576593609545,a,manifest.googlevideo.com
1576593611233,a,manifest.googlevideo.com
1576593611302,a,manifest.googlevideo.com
1576593616318,a,manifest.googlevideo.com
1576593630237,a,r5---sn-q4flrney.googlevideo.com
1576593630778,b,googleads.g.doubleclick.net
1576593630796,a,www.youtube.com
1576593630813,a,lh5.googleusercontent.com
1576593631239,a,r5---sn-q4flrney.googlevideo.com
1576593632275,a,r5---sn-q4flrney.googlevideo.com
1576593634293,a,r5---sn-q4flrney.googlevideo.com
1576593634411,a,r5---sn-q4flrney.googlevideo.com
1576593635783,a,www.youtube.com
1576593635809,a,lh5.googleusercontent.com
1576593638821,b,pagead2.googlesyndication.com
1576593638841,b,ade.googlesyndication.com
1576593638880,b,ad.doubleclick.net
1576593639253,a,s.youtube.com
1576593640790,a,www.youtube.com
1576593640813,a,lh5.googleusercontent.com
1576593645004,b,ade.googlesyndication.com
1576593645018,b,pagead2.googlesyndication.com
1576593648992,b,www.googleadservices.com
1576593649076,b,ade.googlesyndication.com
1576593654265,a,r2---sn-q4flrney.googlevideo.com
1576593654321,a,r2---sn-q4flrney.googlevideo.com
1576593654471,a,r2---sn-q4flrney.googlevideo.com
1576593654560,a,r2---sn-q4flrney.googlevideo.com
1576593654637,a,r2---sn-q4flrney.googlevideo.com
1576593663494,a,r2---sn-5ualdn7e.googlevideo.com
1576593664517,a,r2---sn-5ualdn7e.googlevideo.com
1576593665566,a,r2---sn-5ualdn7e.googlevideo.com
1576593667548,a,r2---sn-5ualdn7e.googlevideo.com
1576593669015,a,r2---sn-5ualdn7e.googlevideo.com
1576593682959,b,www.googleadservices.com
1576593702273,b,www.googleadservices.com
1576593707458,a,r4---sn-q4flrnl7.googlevideo.com
1576593707523,a,r4---sn-q4flrnl7.googlevideo.com
1576593707820,a,r4---sn-q4flrnl7.googlevideo.com
1576593707914,a,r4---sn-q4flrnl7.googlevideo.com
1576593707947,a,r4---sn-q4flrnl7.googlevideo.com
1576593753827,a,redirector.googlevideo.com
1576593754878,a,redirector.googlevideo.com
1576593755865,a,redirector.googlevideo.com
1576593755963,a,redirector.googlevideo.com
1576593755985,a,r2---sn-q4fl6n7z.googlevideo.com
1576593755994,a,r2---sn-q4fl6nlr.googlevideo.com
1576593756006,a,r5---sn-q4fl6n7e.googlevideo.com
1576593756015,a,r4---sn-5ualdn76.googlevideo.com
1576593756135,a,r2---sn-q4fl6n7z.googlevideo.com
1576593756145,a,r2---sn-q4fl6nlr.googlevideo.com
1576593756158,a,r5---sn-q4fl6n7e.googlevideo.com
1576593756167,a,r4---sn-5ualdn76.googlevideo.com
1576593756256,a,r2---sn-q4fl6n7z.googlevideo.com
1576593756262,a,r2---sn-q4fl6nlr.googlevideo.com
1576593756358,a,r5---sn-q4fl6n7e.googlevideo.com
1576593756368,a,r4---sn-5ualdn76.googlevideo.com
1576593756384,a,r2---sn-q4fl6n7z.googlevideo.com
1576593756400,a,r2---sn-q4fl6nlr.googlevideo.com
1576593756440,a,r5---sn-q4fl6n7e.googlevideo.com
1576593756447,a,r4---sn-5ualdn76.googlevideo.com
1576593756454,a,r2---sn-q4fl6n7z.googlevideo.com
1576593756463,a,r2---sn-q4fl6nlr.googlevideo.com
1576593756469,a,r5---sn-q4fl6n7e.googlevideo.com
1576593756499,a,r4---sn-5ualdn76.googlevideo.com
1576593778233,a,scontent.xx.fbcdn.net
1576593860950,a,api.leanplum.com
1576593860994,b,graph.facebook.com
1576593861615,b,app.adjust.com
1576593865933,b,e.crashlytics.com
1576593876059,b,graph.facebook.com
1576593900575,b,www.googleadservices.com
1576593942338,b,graph.facebook.com
1576593968550,a,www.google.com
1576593968573,a,www.google.com
1576593968637,a,www.google.com
1576593968656,a,www.google.com
1576593987139,b,e.crashlytics.com
1576594076735,a,redirector.googlevideo.com
1576594077747,a,redirector.googlevideo.com
1576594078035,a,redirector.googlevideo.com
1576594078139,a,redirector.googlevideo.com
1576594081786,a,r2---sn-q4flrn7d.googlevideo.com
1576594081795,a,r2---sn-q4flrnee.googlevideo.com
1576594081803,a,r5---sn-q4flrn7r.googlevideo.com
1576594081882,a,r2---sn-q4flrn7d.googlevideo.com
1576594081910,a,r2---sn-q4flrnee.googlevideo.com
1576594081915,a,r5---sn-q4flrn7r.googlevideo.com
1576594082003,a,r2---sn-q4flrn7d.googlevideo.com
1576594082012,a,r2---sn-q4flrnee.googlevideo.com
1576594082019,a,r5---sn-q4flrn7r.googlevideo.com
1576594082045,a,r2---sn-q4flrn7d.googlevideo.com
1576594082051,a,r2---sn-q4flrnee.googlevideo.com
1576594082058,a,r5---sn-q4flrn7r.googlevideo.com
1576594196199,b,graph.facebook.com
1576594207001,b,www.googleadservices.com
1576594225298,a,youtubei.googleapis.com
1576594232245,a,redirector.googlevideo.com
1576594293157,a,r1---sn-q4fl6n7d.googlevideo.com
1576594307576,a,s.youtube.com
1576594307778,a,www.youtube.com
1576594307806,b,ade.googlesyndication.com
1576594307855,b,pagead2.googlesyndication.com
1576594307893,b,ad.doubleclick.net
1576594315890,b,ade.googlesyndication.com
1576594317937,b,www.googleadservices.com
1576594323903,b,pagead2.googlesyndication.com
1576594323912,b,ade.googlesyndication.com
1576594328880,a,www.gstatic.com
1576594328897,a,www.gstatic.com
1576594328904,a,www.gstatic.com
1576594328910,a,www.gstatic.com
1576594328916,a,www.gstatic.com
1576594330907,b,ade.googlesyndication.com
1576594337906,b,ade.googlesyndication.com
1576594337924,b,www.googleadservices.com
1576594338012,a,i.ytimg.com
1576594343206,a,yt3.ggpht.com
1576594344218,a,lh3.googleusercontent.com
1576594353905,b,www.googleadservices.com
1576594354944,b,graph.facebook.com
1576594355089,b,app.adjust.com
1576594392966,b,e.crashlytics.com
1576594402529,a,r2---sn-q4flrnee.googlevideo.com
1576594402536,a,r2---sn-q4flrn7d.googlevideo.com
1576594402542,a,r5---sn-q4flrn7r.googlevideo.com
1576594402982,b,graph.facebook.com
1576594415007,b,securepubads.g.doubleclick.net
1576594416387,b,pagead2.googlesyndication.com
1576594421791,b,pagead2.googlesyndication.com
1576594423129,a,i1.ytimg.com
1576594423831,a,r1---sn-q4flrne6.googlevideo.com
1576594424179,a,r1---sn-q4f7sn7k.googlevideo.com
1576594433185,a,r2---sn-q4f7sn76.googlevideo.com
1576594435235,a,i2.ytimg.com
1576594436040,a,r1---sn-q4fl6ns7.googlevideo.com
1576594463079,b,graph.facebook.com
1576594478256,a,r2---sn-q4fl6n7z.googlevideo.com
1576594478266,a,r2---sn-q4fl6nlr.googlevideo.com
1576594478273,a,r5---sn-q4fl6n7e.googlevideo.com
1576594487735,a,r5---sn-q4flrner.googlevideo.com
1576594489289,a,r5---sn-q4fl6ney.c.youtube.com
1576594508005,b,e.crashlytics.com
1576594540091,b,www.googleadservices.com
1576594624455,a,www.google.com
1576594624470,a,www.google.com
1576594624479,a,www.google.com
1576594624492,a,www.google.com
1576594624506,a,www.google.com
1576594631098,a,r2---sn-q4flrnez.googlevideo.com
1576594631756,a,r2---sn-q4flrnez.c.youtube.com
1576594662173,a,android.googleapis.com
1576594662804,b,googleads.g.doubleclick.net
1576594701421,a,145.7.57.10.in-addr.arpa
1576594701482,a,124.7.57.10.in-addr.arpa
1576594790132,b,googleads.g.doubleclick.net
1576594798083,b,config.safedk.com
1576594798752,b,e.crashlytics.com
1576594799617,a,api.textnow.me
1576594799773,a,firebaseremoteconfig.googleapis.com
1576594840098,b,www.googleadservices.com
1576594854058,a,redirector.googlevideo.com
1576594858143,b,config.safedk.com
1576594920253,b,e.crashlytics.com
1576594936873,a,youtubei.googleapis.com
1576594961550,a,s.youtube.com
1576594969841,a,geomobileservices-pa.googleapis.com
1576595004366,a,r2---sn-q4flrnee.googlevideo.com
1576595004374,a,r5---sn-q4flrn7r.googlevideo.com
1576595004388,a,r2---sn-q4flrn7d.googlevideo.com
1576595040227,b,e.crashlytics.com
1576595069756,a,r2---sn-q4fl6nss.googlevideo.com
1576595070007,a,i.ytimg.com
1576595070482,a,www.youtube.com
1576595075457,a,yt3.ggpht.com
1576595115205,b,googleads.g.doubleclick.net
1576595117576,a,r2---sn-q4flrne7.googlevideo.com
1576595118338,a,r2---sn-q4fl6nss.c.youtube.com
1576595140229,b,www.googleadservices.com
1576595149175,a,play.googleapis.com
1576595154636,a,r2---sn-q4fl6nlr.googlevideo.com
1576595154657,a,r5---sn-q4fl6n7e.googlevideo.com
1576595154664,a,r2---sn-q4fl6n7z.googlevideo.com
1576595158164,b,config.safedk.com
1576595276717,a,r3---sn-q4flrn7y.googlevideo.com
1576595277154,a,r3---sn-q4fl6nlz.c.youtube.com
1576595327712,b,googleads.g.doubleclick.net
1576595327912,b,app-measurement.com
1576595348424,a,r1---sn-q4flrnek.googlevideo.com
1576595348917,a,r1---sn-q4flrnek.c.youtube.com
1576595349088,a,r6---sn-q4fl6ney.c.youtube.com
1576595405912,a,r2---sn-q4fl6nlz.googlevideo.com
1576595405920,a,r3---sn-q4f7sn7s.googlevideo.com
1576595405928,a,r5---sn-q4flrnle.googlevideo.com
1576595440089,b,www.googleadservices.com
1576595481085,a,redirector.googlevideo.com
1576595481217,a,r2---sn-q4flrney.googlevideo.com
1576595481223,a,r5---sn-q4fl6nlr.googlevideo.com
1576595510220,b,graph.facebook.com
1576595510288,a,api.leanplum.com
1576595510581,a,suggestqueries.google.com
1576595564503,b,e.crashlytics.com
1576595710383,a,www.googleapis.com
1576595711454,a,mqtt-mini.facebook.com
1576595712446,a,www.google.com
1576595712951,a,mobiledataplan-pa.googleapis.com
1576595713375,a,www.gstatic.com
1576595715099,a,www.google.com
1576595715111,a,www.gstatic.com
1576595715118,a,www.google.com
1576595715382,a,www.googleapis.com
1576595715398,a,www.gstatic.com
1576595716421,a,mqtt-mini.facebook.com
1576595716487,a,www.google.com
1576595717428,a,www.gstatic.com
1576595717938,a,mobiledataplan-pa.googleapis.com
1576595718515,a,www.google.com
1576595719457,a,www.gstatic.com
1576595720061,a,youtubei.googleapis.com
1576595720074,a,mtalk.google.com
1576595720093,a,www.youtube.com
1576595720279,a,s.youtube.com
1576595720368,a,www.googleapis.com
1576595721429,a,mqtt-mini.facebook.com
1576595722986,a,mobiledataplan-pa.googleapis.com
1576595723526,a,www.google.com
1576595724290,a,redirector.googlevideo.com
1576595724447,a,www.gstatic.com
1576595724579,a,youtubei.googleapis.com
1576595724735,a,mtalk.google.com
1576595725088,a,www.youtube.com
1576595725281,a,s.youtube.com
1576595725298,b,app-measurement.com
1576595725318,a,redirector.googlevideo.com
1576595725384,a,www.googleapis.com
1576595726354,a,redirector.googlevideo.com
1576595726504,a,mqtt-mini.facebook.com
1576595727945,a,mobiledataplan-pa.googleapis.com
1576595728387,a,redirector.googlevideo.com
1576595728525,a,www.google.com
1576595729485,a,www.gstatic.com
1576595729575,a,youtubei.googleapis.com
1576595729725,a,mtalk.google.com
1576595730085,a,www.youtube.com
1576595730287,a,s.youtube.com
1576595730398,a,www.googleapis.com
1576595730438,a,redirector.googlevideo.com
1576595731436,a,mqtt-mini.facebook.com
1576595732960,a,mobiledataplan-pa.googleapis.com
1576595732977,a,mobiledataplan-pa.googleapis.com
1576595733532,a,www.google.com
1576595733554,a,www.google.com
1576595733939,a,mobilenetworkscoring-pa.googleapis.com
1576595734461,a,www.gstatic.com
1576595734477,a,www.gstatic.com
1576595734577,a,youtubei.googleapis.com
1576595734584,a,youtubei.googleapis.com
1576595734718,a,mtalk.google.com
1576595735088,a,www.youtube.com
1576595735279,a,s.youtube.com
1576595735363,b,app-measurement.com
1576595735392,a,www.googleapis.com
1576595735448,a,redirector.googlevideo.com
1576595736294,b,googleads.g.doubleclick.net
1576595736440,a,mqtt-mini.facebook.com
1576595737949,a,mobiledataplan-pa.googleapis.com
1576595737954,a,mobiledataplan-pa.googleapis.com
1576595738541,a,www.google.com
1576595738553,a,www.google.com
1576595738915,a,mobilenetworkscoring-pa.googleapis.com
1576595739463,a,www.gstatic.com
1576595739474,a,www.gstatic.com
1576595739586,a,youtubei.googleapis.com
1576595739646,a,youtubei.googleapis.com
1576595739750,a,mtalk.google.com
1576595740115,a,www.youtube.com
1576595740143,a,www.youtube.com
1576595740175,a,www.youtube.com
1576595740300,a,s.youtube.com
1576595740325,a,s.youtube.com
1576595740351,a,s.youtube.com
1576595740405,a,www.googleapis.com
1576595740452,a,redirector.googlevideo.com
1576595741447,a,mqtt-mini.facebook.com
1576595742986,a,mobiledataplan-pa.googleapis.com
1576595742996,a,mobiledataplan-pa.googleapis.com
1576595743551,a,www.google.com
1576595743557,a,www.google.com
1576595743935,a,mobilenetworkscoring-pa.googleapis.com
1576595744459,a,www.gstatic.com
1576595744469,a,www.gstatic.com
1576595744582,a,youtubei.googleapis.com
1576595744588,a,youtubei.googleapis.com
1576595744729,a,mtalk.google.com
1576595745098,a,www.youtube.com
1576595745129,a,www.youtube.com
1576595745135,a,www.youtube.com
1576595745285,a,s.youtube.com
1576595745291,a,s.youtube.com
1576595745296,a,s.youtube.com
1576595745395,a,www.googleapis.com
1576595745425,b,app-measurement.com
1576595745461,a,redirector.googlevideo.com
1576595746445,a,mqtt-mini.facebook.com
1576595747968,a,mobiledataplan-pa.googleapis.com
1576595747978,a,mobiledataplan-pa.googleapis.com
1576595748556,a,www.google.com
1576595748561,a,www.google.com
1576595748920,a,mobilenetworkscoring-pa.googleapis.com
1576595749461,a,www.gstatic.com
1576595749467,a,www.gstatic.com
1576595749586,a,youtubei.googleapis.com
1576595749592,a,youtubei.googleapis.com
1576595749742,a,mtalk.google.com
1576595750107,a,www.youtube.com
1576595750118,a,www.youtube.com
1576595750128,a,www.youtube.com
1576595750325,a,s.youtube.com
1576595750330,a,s.youtube.com
1576595750336,a,s.youtube.com
1576595750448,a,redirector.googlevideo.com
1576595750457,a,redirector.googlevideo.com
1576595750464,a,redirector.googlevideo.com
1576595752979,a,mobiledataplan-pa.googleapis.com
1576595752986,a,mobiledataplan-pa.googleapis.com
1576595752993,a,mobiledataplan-pa.googleapis.com
1576595753576,a,www.google.com
1576595753592,a,www.google.com
1576595754289,a,mobilenetworkscoring-pa.googleapis.com
1576595754474,a,www.gstatic.com
1576595754481,a,www.gstatic.com
1576595754588,a,youtubei.googleapis.com
1576595754593,a,youtubei.googleapis.com
1576595754739,a,mtalk.google.com
1576595755101,a,www.youtube.com
1576595755110,a,www.youtube.com
1576595755118,a,www.youtube.com
1576595755293,a,s.youtube.com
1576595755320,a,s.youtube.com
1576595755341,a,s.youtube.com
1576595755451,a,redirector.googlevideo.com
1576595755461,a,redirector.googlevideo.com
1576595755474,a,redirector.googlevideo.com
1576595757990,a,mobiledataplan-pa.googleapis.com
1576595757999,a,mobiledataplan-pa.googleapis.com
1576595758007,a,mobiledataplan-pa.googleapis.com
1576595758551,a,www.google.com
1576595758562,a,www.google.com
1576595758934,a,mobilenetworkscoring-pa.googleapis.com
1576595759481,a,www.gstatic.com
1576595759501,a,www.gstatic.com
1576595759602,a,youtubei.googleapis.com
1576595759611,a,youtubei.googleapis.com
1576595759766,a,alt1-mtalk.google.com
1576595760108,a,www.youtube.com
1576595760119,a,www.youtube.com
1576595760174,a,graph.facebook.com
1576595760305,a,s.youtube.com
1576595760315,a,s.youtube.com
1576595760460,a,redirector.googlevideo.com
1576595760471,a,redirector.googlevideo.com
1576595760499,a,redirector.googlevideo.com
1576595762976,a,mobiledataplan-pa.googleapis.com
1576595762983,a,mobiledataplan-pa.googleapis.com
1576595762989,a,mobiledataplan-pa.googleapis.com
1576595763550,a,www.google.com
1576595763558,a,www.google.com
1576595763938,a,mobilenetworkscoring-pa.googleapis.com
1576595764479,a,www.gstatic.com
1576595764487,a,www.gstatic.com
1576595764604,a,youtubei.googleapis.com
1576595764614,a,youtubei.googleapis.com
1576595764798,a,alt1-mtalk.google.com
1576595765119,a,www.youtube.com
1576595765127,a,www.youtube.com
1576595765175,a,graph.facebook.com
1576595765304,a,s.youtube.com
1576595765312,a,s.youtube.com
1576595765464,a,redirector.googlevideo.com
1576595765474,a,redirector.googlevideo.com
1576595765482,a,redirector.googlevideo.com
1576595767988,a,mobiledataplan-pa.googleapis.com
1576595767998,a,mobiledataplan-pa.googleapis.com
1576595768034,a,mobiledataplan-pa.googleapis.com
1576595768555,a,www.google.com
1576595768561,a,www.google.com
1576595768944,a,mobilenetworkscoring-pa.googleapis.com
1576595769483,a,www.gstatic.com
1576595769491,a,www.gstatic.com
1576595769612,a,youtubei.googleapis.com
1576595769624,a,youtubei.googleapis.com
1576595769776,a,alt1-mtalk.google.com
1576595770124,a,www.youtube.com
1576595770134,a,www.youtube.com
1576595770198,a,graph.facebook.com
1576595770312,a,s.youtube.com
1576595770321,a,s.youtube.com
1576595770471,a,redirector.googlevideo.com
1576595770480,a,redirector.googlevideo.com
1576595772994,a,mobiledataplan-pa.googleapis.com
1576595773002,a,mobiledataplan-pa.googleapis.com
1576595773566,a,www.google.com
1576595773940,a,mobilenetworkscoring-pa.googleapis.com
1576595774494,a,www.gstatic.com
1576595774617,a,youtubei.googleapis.com
1576595774815,a,alt1-mtalk.google.com
1576595775125,a,www.youtube.com
1576595775134,a,www.youtube.com
1576595775183,a,graph.facebook.com
1576595775314,a,s.youtube.com
1576595775323,a,s.youtube.com
1576595775476,a,redirector.googlevideo.com
1576595775488,a,redirector.googlevideo.com
1576595777998,a,mobiledataplan-pa.googleapis.com
1576595778010,a,mobiledataplan-pa.googleapis.com
1576595778571,a,www.google.com
1576595778988,a,mobilenetworkscoring-pa.googleapis.com
1576595779495,a,www.gstatic.com
1576595779619,a,youtubei.googleapis.com
1576595779785,a,alt1-mtalk.google.com
1576595779894,a,youtubei.googleapis.com
1576595780199,a,graph.facebook.com
1576595780474,a,redirector.googlevideo.com
1576595780484,a,redirector.googlevideo.com
1576595783002,a,mobiledataplan-pa.googleapis.com
1576595783014,a,mobiledataplan-pa.googleapis.com
1576595783567,a,www.google.com
1576595783989,a,mobilenetworkscoring-pa.googleapis.com
1576595784500,a,www.gstatic.com
1576595784623,a,youtubei.googleapis.com
1576595784791,a,alt1-mtalk.google.com
1576595784899,a,youtubei.googleapis.com
1576595785200,a,graph.facebook.com
1576595785486,a,redirector.googlevideo.com
1576595785502,a,redirector.googlevideo.com
1576595788007,a,mobiledataplan-pa.googleapis.com
1576595788017,a,mobiledataplan-pa.googleapis.com
1576595788586,a,www.google.com
1576595789338,a,mobilenetworkscoring-pa.googleapis.com
1576595789501,a,www.gstatic.com
1576595789631,a,youtubei.googleapis.com
1576595789793,a,alt1-mtalk.google.com
1576595789904,a,youtubei.googleapis.com
1576595790201,a,graph.facebook.com
1576595805083,b,e.crashlytics.com
1576595809616,a,www.google.com
1576595809665,a,www.google.com
1576595809696,a,www.google.com
1576595809705,a,www.google.com
1576595809762,a,www.google.com
1576595810072,a,mobiledataplan-pa.googleapis.com
1576595813281,a,mtalk.google.com
1576595813775,a,mobilenetworkscoring-pa.googleapis.com
1576595815062,b,app-measurement.com
1576595816841,a,youtubei.googleapis.com
1576595818137,a,redirector.googlevideo.com
1576595818625,a,redirector.googlevideo.com
1576595818784,a,redirector.googlevideo.com
1576595818870,a,redirector.googlevideo.com
1576595818884,a,r5---sn-q4flrnle.googlevideo.com
1576595818917,a,redirector.googlevideo.com
1576595818930,a,r3---sn-q4flrnee.googlevideo.com
1576595818938,a,r5---sn-q4flrnle.googlevideo.com
1576595818951,a,r2---sn-q4fl6nlz.googlevideo.com
1576595819019,a,r5---sn-q4flrnle.googlevideo.com
1576595819027,a,r2---sn-q4fl6nlz.googlevideo.com
1576595819034,a,r3---sn-q4flrnee.googlevideo.com
1576595819062,a,r5---sn-q4flrnle.googlevideo.com
1576595819069,a,r2---sn-q4fl6nlz.googlevideo.com
1576595819082,a,r3---sn-q4flrnee.googlevideo.com
1576595819095,a,r5---sn-q4flrnle.googlevideo.com
1576595819118,a,r2---sn-q4fl6nlz.googlevideo.com
1576595819125,a,r3---sn-q4flrnee.googlevideo.com
1576595819132,a,r2---sn-q4fl6nlz.googlevideo.com
1576595819201,a,r3---sn-q4flrnee.googlevideo.com
1576595825118,b,app-measurement.com
1576595825517,b,sessions.bugsnag.com
1576595826288,a,www.youtube.com
1576595826382,a,s.youtube.com
1576595835169,b,app-measurement.com
1576595838449,b,ssl.google-analytics.com
1576595846840,b,app-measurement.com
1576595860646,a,api.samsungcloud.com
1576595863472,a,vas.samsungapps.com
1576595863692,a,us1rgn.file.samsungcloud.com
1576595866966,b,app-measurement.com
1576595885515,b,app.adjust.com
1576595885553,a,graph.facebook.com
1576595885655,a,api.leanplum.com
1576595886346,b,app-measurement.com
1576595890580,b,e.crashlytics.com
1576595896393,b,app-measurement.com
1576595915091,b,www.googleadservices.com
1576595958563,b,ssl.google-analytics.com
1576595978855,a,www.googleapis.com
1576596291623,b,ssl.google-analytics.com
1576596298066,a,mtalk.google.com
1576596300370,a,api.samsungcloud.com
1576596303066,a,mtalk.google.com
1576596314360,a,api.samsungcloud.com
1576596317074,a,mtalk.google.com
1576596332255,a,api.samsungcloud.com
1576596344958,a,mtalk.google.com
1576596347269,a,api.samsungcloud.com
1576596349990,a,mtalk.google.com
1576596352274,a,api.samsungcloud.com
1576596361940,a,mtalk.google.com
1576596395144,a,api.samsungcloud.com
1576596609297,b,ssl.google-analytics.com
1576596611118,a,api.samsungcloud.com
1576596613712,a,android.googleapis.com
1576596614273,a,mqtt-mini.facebook.com
1576596616119,a,api.samsungcloud.com
1576596618713,a,android.googleapis.com
1576596619290,a,mqtt-mini.facebook.com
1576596621135,a,api.samsungcloud.com
1576596623717,a,android.googleapis.com
1576596624279,a,mqtt-mini.facebook.com
1576596626128,a,api.samsungcloud.com
1576596628718,a,android.googleapis.com
1576596629287,a,mqtt-mini.facebook.com
1576596631128,a,api.samsungcloud.com
1576596633015,a,android.googleapis.com
1576596633725,a,android.googleapis.com
1576596634291,a,mqtt-mini.facebook.com
1576596635946,b,googleads.g.doubleclick.net
1576596636124,a,mobilenetworkscoring-pa.googleapis.com
1576596636135,a,api.samsungcloud.com
1576596638019,a,android.googleapis.com
1576596638729,a,android.googleapis.com
1576596639296,a,mqtt-mini.facebook.com
1576596641113,a,mobilenetworkscoring-pa.googleapis.com
1576596641140,a,api.samsungcloud.com
1576596643024,a,android.googleapis.com
1576596643735,a,android.googleapis.com
1576596644302,a,mqtt-mini.facebook.com
1576596644509,a,alt8-mtalk.google.com
1576596646157,a,mobilenetworkscoring-pa.googleapis.com
1576596648033,a,android.googleapis.com
1576596649522,a,alt8-mtalk.google.com
1576596651124,a,mobilenetworkscoring-pa.googleapis.com
1576596653035,a,android.googleapis.com
1576596654516,a,alt8-mtalk.google.com
1576596656130,a,mobilenetworkscoring-pa.googleapis.com
1576596656463,a,api.samsungcloud.com
1576596658042,a,android.googleapis.com
1576596659523,a,alt8-mtalk.google.com
1576596661137,a,mobilenetworkscoring-pa.googleapis.com
1576596661768,a,api.samsungcloud.com
1576596663047,a,android.googleapis.com
1576596664522,a,alt8-mtalk.google.com
1576596666140,a,mobilenetworkscoring-pa.googleapis.com
1576596666472,a,api.samsungcloud.com
1576596669532,a,alt8-mtalk.google.com
1576596671145,a,mobilenetworkscoring-pa.googleapis.com
1576596671473,a,api.samsungcloud.com
1576596671855,a,api.rb.sbixby.com
1576596674539,a,alt8-mtalk.google.com
1576596683201,a,api.samsungcloud.com
1576596683591,a,api.rb.sbixby.com
1576596688210,a,api.samsungcloud.com
1576596688587,a,api.rb.sbixby.com
1576596693215,a,api.samsungcloud.com
1576596693594,a,api.rb.sbixby.com
1576596695037,a,mtalk.google.com
1576596698219,a,api.samsungcloud.com
1576596698601,a,api.rb.sbixby.com
1576596700043,a,mtalk.google.com
1576596703663,a,api.rb.sbixby.com
1576596707258,a,mtalk.google.com
1576596714124,a,api.rb.sbixby.com
1576596735024,a,mtalk.google.com
1576596738588,a,api.rb.sbixby.com
1576596740029,a,mtalk.google.com
1576596750680,a,mtalk.google.com
1576596755691,a,mtalk.google.com
1576596760695,a,mtalk.google.com
1576596768488,a,www.google.com
1576596775054,a,alt8-mtalk.google.com
1576596775431,a,www.google.com
1576596775518,b,ssl.google-analytics.com
1576596776464,a,www.google.com
1576596778462,a,www.google.com
1576596924230,b,ssl.google-analytics.com
1576597278444,b,ssl.google-analytics.com
1576597279529,a,mqtt-mini.facebook.com
1576597283049,a,mtalk.google.com
1576597405314,a,android.googleapis.com
1576597406104,a,mobilenetworkscoring-pa.googleapis.com
1576597409927,a,www.google.com
1576597410681,a,www.google.com
1576597410746,a,www.google.com
1576597410888,a,www.google.com
1576597410911,a,www.google.com
1576597412748,a,alt1-mtalk.google.com
1576597413236,a,mobiledataplan-pa.googleapis.com
1576597414916,b,app-measurement.com
1576597416700,a,api.samsungcloud.com
1576597424980,b,app-measurement.com
1576597444088,a,alt8-mtalk.google.com
1576597444291,b,app-measurement.com
1576597444590,a,scontent.xx.fbcdn.net
1576597480851,a,www.google.com
1576597480974,a,www.google.com
1576597481021,a,www.google.com
1576597481095,a,www.google.com
1576597504865,a,alt3-mtalk.google.com
1576597507821,b,ssl.google-analytics.com
1576597521906,a,velb-pue1gld-312177699.eu-west-1.elb.amazonaws.com
1576597525517,a,safebrowsing.googleapis.com
1576597539826,b,sessions.bugsnag.com
1576597563316,a,www.google.com
1576597563404,a,www.google.com
1576597563495,a,www.google.com
1576597563726,a,www.google.com
1576597566180,b,app-measurement.com
1576597570619,a,www.gstatic.com
1576597570770,a,www.gstatic.com
1576597570973,a,www.gstatic.com
1576597571075,a,www.gstatic.com
1576597571285,a,www.gstatic.com
1576597576225,b,app-measurement.com
1576597627874,b,ssl.google-analytics.com
1576597630941,a,www.googleapis.com
1576597630957,b,googleads.g.doubleclick.net
1576597648132,b,app-measurement.com
1576597648225,a,ssl.gstatic.com
1576597648325,b,id.google.com
1576597650198,a,cdn.ampproject.org
1576597650599,b,adservice.google.com
1576597651784,b,www.googleadservices.com
1576597671996,b,app-measurement.com
1576597675714,b,www.googleadservices.com
1576597711266,b,id.google.com
1576597711738,b,app-measurement.com
1576597712753,b,adservice.google.com
1576597714593,b,www.googleadservices.com
1576597721779,b,app-measurement.com
1576597747941,b,ssl.google-analytics.com
1576597841388,b,id.google.com
1576597841628,b,app-measurement.com
1576597842896,b,adservice.google.com
1576597844640,b,www.googleadservices.com
1576597868017,b,ssl.google-analytics.com
1576597868479,b,app-measurement.com
1576597871181,b,id.google.com
1576597872644,b,adservice.google.com
1576597874454,b,www.googleadservices.com
1576597878548,b,app-measurement.com
1576597888593,b,app-measurement.com
1576597891821,b,id.google.com
1576597892700,a,encrypted-tbn0.gstatic.com
1576597893710,b,adservice.google.com
1576597894889,b,www.googleadservices.com
1576597898649,b,app-measurement.com
1576597908697,b,app-measurement.com
1576597911836,b,id.google.com
1576597913126,b,adservice.google.com
1576597915336,b,www.googleadservices.com
1576597918769,b,app-measurement.com
1576597928830,b,app-measurement.com
1576597938925,b,app-measurement.com
1576597950797,a,encrypted-tbn2.gstatic.com
1576597950966,b,id.google.com
1576597951346,b,app-measurement.com
1576597953944,b,adservice.google.com
1576597954266,b,www.googleadservices.com
1576597964434,a,encrypted-tbn3.gstatic.com
1576597964725,b,id.google.com
1576597964868,b,app-measurement.com
1576597967137,b,adservice.google.com
1576597967987,b,www.googleadservices.com
1576597975654,b,www.googleadservices.com
1576597982838,a,encrypted-tbn0.gstatic.com
1576597982853,a,t0.gstatic.com
1576597983008,a,t0.gstatic.com
1576597983013,a,encrypted-tbn0.gstatic.com
1576597983155,a,t0.gstatic.com
1576597983160,a,encrypted-tbn0.gstatic.com
1576597983248,a,t0.gstatic.com
1576597983263,a,encrypted-tbn0.gstatic.com
1576597983316,a,t0.gstatic.com
1576597983437,b,app-measurement.com
1576597988074,b,ssl.google-analytics.com
1576597993512,b,app-measurement.com
1576598012062,a,t3.gstatic.com
1576598012154,a,t3.gstatic.com
1576598012211,a,t3.gstatic.com
1576598012288,a,t3.gstatic.com
1576598012363,a,t3.gstatic.com
1576598014358,b,app-measurement.com
1576598020029,a,mobiledataplan-pa.googleapis.com
1576598024834,b,id.google.com
1576598025297,b,app-measurement.com
1576598026632,b,adservice.google.com
1576598028059,b,www.googleadservices.com
1576598045423,b,app-measurement.com
1576598046956,b,id.google.com
1576598049715,b,adservice.google.com
1576598050076,b,www.googleadservices.com
1576598055470,b,app-measurement.com
1576598065544,b,app-measurement.com
1576598074292,b,id.google.com
1576598075639,b,app-measurement.com
1576598076327,b,adservice.google.com
1576598077403,b,www.googleadservices.com
1576598085688,b,app-measurement.com
1576598101693,a,encrypted-tbn1.gstatic.com
1576598101926,b,id.google.com
1576598102146,b,app-measurement.com
1576598105247,b,www.googleadservices.com
1576598105305,b,adservice.google.com
1576598108110,b,ssl.google-analytics.com
1576598116907,b,id.google.com
1576598117185,b,app-measurement.com
1576598118667,b,adservice.google.com
1576598120132,b,www.googleadservices.com
1576598137460,b,id.google.com
1576598138734,b,app-measurement.com
1576598140234,b,adservice.google.com
1576598140682,b,www.googleadservices.com
1576598156303,b,id.google.com
1576598156616,b,app-measurement.com
1576598159241,b,adservice.google.com
1576598159656,b,www.googleadservices.com
1576598166960,b,app-measurement.com
1576598177896,b,id.google.com
1576598177973,b,app-measurement.com
1576598179820,b,adservice.google.com
1576598181159,b,www.googleadservices.com
1576598200016,b,app-measurement.com
1576598209872,b,app-measurement.com
1576598210333,b,id.google.com
1576598211564,a,lh3.googleusercontent.com
1576598213071,b,adservice.google.com
1576598213553,b,www.googleadservices.com
1576598225537,a,lh3.googleusercontent.com
1576598225594,a,lh3.googleusercontent.com
1576598225667,a,lh3.googleusercontent.com
1576598225775,a,lh3.googleusercontent.com
1576598228148,b,ssl.google-analytics.com
1576598231373,b,app-measurement.com
1576598249664,b,sessions.bugsnag.com
1576598251898,b,app-measurement.com
1576598271818,a,snaptu-mini.facebook.com
1576598274587,a,mqtt-mini.facebook.com
1576598275882,b,www.googleadservices.com
1576598308532,a,video-dfw5-2.xx.fbcdn.net
1576598344186,a,graph.facebook.com
1576598348195,b,ssl.google-analytics.com
1576598361569,a,api.leanplum.com
1576598365975,b,e.crashlytics.com
1576598370717,b,config.safedk.com
1576598371209,a,geomobileservices-pa.googleapis.com
1576598372717,b,sessions.bugsnag.com
1576598374214,b,e.crashlytics.com
1576598374377,b,app-measurement.com
1576598375744,a,firebaseremoteconfig.googleapis.com
1576598376065,a,api.textnow.me
1576598377716,a,api.samsungcloud.com
1576598380740,a,us1rgn.file.samsungcloud.com
1576598906468,a,mtalk.google.com
